weight;word
432;म
190;त
20;यस्तो
7;ठाउँमा
113;छु
35;जहाँ
1;मान्छेहरूको
1;ठेलमठेल
327;छ
1;अजङ्गका
1;आलयहरूले
2;घेरिएको
144;तर
2;छिमेकी
9;छैनन्
7;वन
1;घना
4;साना
1;झरनाहरू
63;छन्
3;बिहानी
14;उही
2;सुनौलो
59;हुन्छ
10;साँझ
19;उस्तै
2;गोधूलि
2;तिल्लु
17;गरेर
2;रुने
2;न्याउली
78;छैन
1;असारमा
1;बर्सात
1;किसानहरू
1;खेतबारीहरू
1;गाईगोरुहरू
22;कसैले
7;धान
1;रोप्दैनन्
1;घन्किँदैन
32;कतै
278;पनि
3;असारे
11;गीत
29;हरेक
7;साल
6;दसैँ
22;आउँछ
4;तिहार
29;हुँदैन
8;गाउँमा
1;दुर्गा
4;पूजा
1;आँगननेर
60;न
1;सयपत्रीमखमली
1;सजेको
1;देउसे
1;भैलेको
2;जोर
2;मादल
2;बजेको
1;खल्लो
42;लाग्छ
1;मारुनी
1;नाचको
1;हाहाहा
4;सुनिन्छ
20;यसरी
7;बाँचेको
5;हर
4;बखत
34;यहाँ
50;आफ्नै
1;मुटुबाट
7;डराउनु
21;पर्छ
2;छालाको
1;रङबाट
1;भाषाबाट
1;धर्मबाट
1;पहिरनबाट
1;राष्ट्रियताबाट
2;समग्रमा
1;पहिचानबाट
19;यस्तै
128;नै
1;बोल्दा
9;हेर्न
26;हुने
2;बसे
1;परपरै
2;कस्ले
4;बनायो
1;कुनी
1;खोल्दा
5;विश्व
65;सबै
2;सुन्न
2;सकिने
1;राखेरयान्त्रिक्
1;ध्वनि
42;जस्तै
2;सङ्कटमा
20;बसेर
12;घरमा
5;चिन्ता
4;फेस्बूकको
3;सारै
3;कष्ट
13;परे
77;भए
2;सरलता
13;हेर्ने
12;फेस्बूक
209;हो
49;धेरै
1;चिन्तन
16;गरे
67;मन
3;लाग्दैन
8;पैसा
164;अनि
1;बाँडी
4;सकिन्छ
18;रे
1;सेयर्
2;गरेरै
1;योगा
4;ध्यान
2;खिचेर
2;भिडियो
2;हाल्ने
29;भो
37;आमा
4;दाजु
12;दिदी
454;र
1;भाइबहिनी
39;मान्छे
7;जन्म
13;हुँदा
2;हर्षित
6;उता
5;हालेर
5;फोटो
4;निकै
3;पाठ
1;पढी
8;बनेर
2;गतिलो
1;हाल्दा
1;ठिकै
5;राजा
10;या
4;जनता
2;शासक
1;डुब्ने
1;झुप्रोमा
3;सहरमा
3;लाग्दा
8;भोक
1;किनेर
1;मसिनो
2;फेस्बूकमा
2;खान्छन्
2;झट्ट
1;किनी
4;गई
1;झटपटी
1;होटेलमा
2;भान्सा
1;भात
1;लिटो
1;चढाउनु
1;अघीहाल्ने
1;फेस्बूकभोआधा
1;घण्ट
1;नभै
1;अलिबेर्
69;के
2;गहना
1;किने
1;पसलमा
1;तिरेछन्
58;कति
7;बाली
3;खेत
1;खिची
1;बताउँछ
5;छिटो
3;केके
30;भयो
5;उन्नति
2;कोदालो
3;हँसिया
2;चलाउनु
2;अघी
1;फेरेर
3;बाँझो
1;खन्न
3;चिया
1;दिनुपरे
6;जाँदा
1;बाथ्रुममा
3;बसी
3;कोठा
1;पिँडी
1;भुली
8;बिहान
8;दिनमा
1;हात्मा
1;बिडी
4;हेर्नु
2;सुती
2;उठी
2;पलङमा
1;कोट्याइ
1;रातीमा
48;कुनै
3;समयमा
1;नेपालीहरुले
3;डुलेर
1;बहुतै
1;खिचेका
28;थिए
1;भेट्दा
1;टावर
75;ती
3;सबले
1;हाल्दिए
7;जाने
3;मार्ग
21;कता
126;त्यो
56;गरी
1;खोजेर
4;गाडी
1;मोटरमा
1;गुडेसब
1;जनाहेर्ने
2;लौरी
20;हात
3;लिई
1;सुतेर
1;बसने
2;आँखै
1;नदेख्नेहरू
1;गाँडो
1;फेस्बुकमा
1;पकाउँछ
1;ठिटी
1;कस्को
37;कुरा
7;गरौँ
1;लोकै
1;तर्छु
25;भनी
1;बडा
1;गजबको
3;खोलेर
138;यो
1;मर्नु
1;अगी
3;एड्लेड
3;अस्ट्रेलिया
1;मातृवात्सल्यबाट
2;यहाँसम्म
1;आइपुग्दा
16;कालो
3;रातमा
14;मैँले
79;एउटा
9;पत्र
1;प्राप्त
10;गरेँ
3;मबाट
1;छुटाएर
1;लगेपछि
3;सदैव
10;शान्ति
2;रहेन
11;ममा
233;मेरो
5;वरिपरि
1;खजुरा
1;बिच्छीहरू
8;देख्छु
1;सर्पहरू
154;मलाई
1;टोक्न
13;आउँछन्
1;बलिन्द्र
15;आँसु
1;असित
5;देह
28;लिएर
37;तिमीलाई
3;पर्खन्छु
11;यदि
33;भने
2;अमिलो
18;मनको
24;बाटो
38;भएर
23;आऊ
8;संसारमा
5;कुराहरू
1;पाउनेछौँ
1;रातपछि
49;दिन
1;कुरिरहेको
16;आमाको
1;पढिसकेपछि
76;मेरा
2;आँखाबाट
2;झरेर
1;पत्रको
120;तिमी
9;शब्द
1;मेटियो
1;हातबाट
2;झर्यो
1;आमाकोपत्र
1;आआफ्नू
1;घमण्डले
39;हाम्रो
2;छुट्टियो
13;सँगै
1;जिउने
2;मर्ने
2;वाचा
2;कसम
1;तोडियो
3;जिन्दगीको
1;पाटो
18;तिमीले
107;तिम्रो
6;गन्तव्य
1;रोज्यौ
5;खोज्न
2;तिर
4;लागेँ
2;बिचैमा
4;अलपत्र
29;हाम्रा
4;सन्तानहरू
18;अर्को
4;मिल्ने
3;जोडी
1;भेट्यौ
8;ठूलो
4;रुखमुनि
2;बलियो
2;गुँड
5;बनायौ
11;एक्लै
2;बस्न
11;सकिनँ
77;मैले
1;अर्की
3;खोजेँ
4;सानु
2;बनाएँ
29;हामी
12;आफू
26;खुसी
3;रमायौँ
1;मनलागि
9;रात
2;टुहुरा
1;दिनसँगै
1;बित्यो
3;प्रकृतिले
1;फैलायो
14;उनी
11;पहिलो
1;बनिन
1;दोस्रो
2;बाबु
1;बनेँ
1;दोस्री
1;बन्यौ
37;ऊ
3;बन्यो
1;आआफ्ना
2;बचेरा
1;कोरल्न
1;थाल्यौं
2;त्यसैमा
1;निमग्न
2;भयौँ
6;आनन्द
1;मनायौं
1;भोकैतिर्खै
3;नाङ्गै
1;चुक्यौ
1;चुकेँ
60;होला
3;बिर्सिएर
9;यात्रा
36;भन्ने
1;नियतिमाथि
5;दोष
1;थोपर्दै
7;सेतो
3;कागजमा
2;ल्याप्चे
4;लगाई
1;मसी
1;पुछेपछि
1;खुले
21;तिम्रा
2;जिन्दगीका
3;अनगिन्ती
1;ढोकाहरू
2;सदासदाकालागि
1;रोकिएछन्
1;सन्तानहरूका
7;अनन्त
1;प्रगतिका
6;पाइलाहरू
2;लडाइँ
10;मेरै
3;पक्षमा
1;जितेँ
2;अवश्य
1;जित्यौ
1;फुके
2;बन्धन
1;अफ्ठ्याराहरू
15;बन्द
4;भएछन्
1;निर्दोषीहरूका
7;इच्छा
1;चहानाहरू
1;निमोठिएछन्
1;कलकलाँउदा
1;मुनाहरू
1;भाँची
3;झरे
4;बलात्कृत
4;कलिला
3;सन्तानका
1;मनमस्तिष्कहरू
1;जलढका
5;बग्छ
1;धनसिरि
8;नदी
4;पश्चिम
1;तथा
2;पूर्वमा
1;सीमाना
1;भनिने
7;डाँडा
1;मुनिका
3;बारी
5;बगैँचा
1;त्यँहा
1;दक्छिणमा
1;सिमा
11;विशाल
1;समतल्
1;आसाम
1;बङ्गालको
5;त्यै
1;बीचको
1;रमणीय
2;दक्छिण
1;भुटान
24;सम्झन्छु
25;है
1;झांगिला
3;वनले
1;सुशोभित
7;सदा
1;पाखाहरु
2;पानीका
3;झरना
1;मूलहरुका
1;खोल्सी
1;भन्ज्याङहरु
1;झुल्कन्छन्
1;हिमशैल
1;छोई
4;रवि
2;आभा
1;प्रभा
21;सुन्दर
1;वायू
1;स्निग्ध
42;सधैँ
3;सुवास
1;सितको
2;मक्
1;कुर्र
15;प्रत्येक
1;प्रहरको
2;दिन्थे
4;परेवा
1;निधो
1;प्रातकाल
19;भनेर
1;सबदिन्
2;भाले
1;उषा
1;डाक्दथ्यो
1;गाउँथिन्
1;यदा
1;कदा
1;बिरहको
1;चरी
1;सुन्दरी
5;लाग्थ्यो
1;कोयलिको
1;कुहू
1;सुनिरहूँ
8;आगो
1;भर्भर
2;भर्
2;गर्यो
1;संकेत
1;बुझ्दथेँ
1;पाहुनाहरु
2;देवता
1;स्वरुपमा
1;आँउछन्
5;भनि
1;कुर्दथेँ
1;कागले
1;बोल
11;गयो
5;सन्देश
3;ल्यायो
1;तुल्बुल
11;भै
1;आकुल
1;असारको
2;रसिया
1;मेरिबरदो
1;मङसीरको
2;देउसी
1;भैलि
1;तिहारको
9;अरु
1;बालन
1;संगिनिको
3;भाका
2;शुध्द
1;स्वत
2;स्वत्व
1;पनको
1;माधूर्य
1;जातित्वको
1;रम्थेँ
1;सुरिला
1;लवाजहरुमा
1;टुङना
1;नौमति
1;डम्फु
1;लोकलयका
1;झ्याली
2;झ्याम्टा
2;मुर्चुङ्गा
2;मुरली
1;च्याब्रुङ
1;बिनायोहरु
1;बज्थे
1;गाँउ
14;भरी
1;पर्व
2;अनुसार
1;लालीत्य
1;झल्काउने
1;वादन
84;अब
4;धुन
1;सुन्नु
1;कँहा
1;माना
1;पाथि
1;स्वकीयपनको
1;नाप
1;तौलका
1;माध्यम
1;जाँतो
1;ढीकि
1;कोल
1;घट्ट
27;सब
50;यी
1;पीसौनिका
1;साधन
1;बिछ्यौनाहरु
1;राडि
1;गुन्द्रि
1;गजरा
3;निन्द्रा
5;मिठो
4;पाउने
4;कैले
5;देख्न
1;पाँउने
1;बेगार
1;बेठि
1;तिरेर
1;खजना
1;रिझाउँदथे
2;धूप
2;दीप
5;मनले
1;देउता
1;बुझाउँदथे
1;देउरालीहरुमा
1;धजा
1;पतका
1;पाती
1;चढाउँदथे
1;पौवापाटि
1;देविथानहरु
1;उन्नतशील
3;बनोस्
1;विश्वभरमा
2;कीर्ति
1;बढोस
22;देशको
1;ध्येय
1;तन्मय
14;हुँदै
6;सेवा
2;राष्ट्रको
27;ठुलो
5;बोट
2;बिरुवा
1;लाँए
2;बडो
1;यत्नले
2;हाँगा
4;लहरा
1;बुटा
1;सुमन
12;प्यारो
33;देश
86;थियो
1;मनोरम
2;स्वर्गको
5;न्यानो
4;बास
1;नगरमा
2;भूटानको
1;भिन्नै
1;रीति
1;रिवाज
1;मान्य
4;नहुने
1;नीतिले
29;माया
2;मोह
1;उखेलिन
2;कविले
2;प्रस्तुत
15;कविता
6;कवि
1;डिल्लीराम
1;तिमिल्सिनाको
2;बिर्सन्न
20;को
1;शैलीमा
8;रहेको
1;उल्लेख
7;गरेका
2;सम्पादक
12;समाज
3;रेखा
1;कोर्छ
24;भन्छ
1;खबरदार
10;सिमाना
1;काट्लिस्
2;आदर्शको
1;काटे
3;नियम
1;कानुनमा
9;आफैँलाई
4;दोषी
1;ठान्नु
1;मसित
22;प्रश्न
9;जसले
1;बन्धनमा
1;राख्छ
25;कसरी
7;त्यसलाई
2;मान्नु
1;नारीलाई
1;तराजुमा
3;राखेर
1;भनियो
1;नैतिक
1;मूल्यसित
1;जोखिनेछ
4;बोले
1;मुखाले
4;भइन्छ
9;थोरै
1;घोसे
1;बोल्दै
1;नबोले
2;लाटी
5;सके
3;हाँस्दै
1;नहाँस्नू
1;हाँस्नै
5;मुख
2;छोपी
1;हाँस्नू
2;बोल्नु
2;नरम
10;शिर
1;झुकाई
2;लजालु
1;बन्नू
2;हिँड्दा
5;चाल
5;नगरी
1;हिँड्नू
1;भाँडा
1;माझ्दा
1;डाडु
1;पन्यू
2;बजाउँदै
1;नबजाउनू
1;छोरीकै
29;लागि
1;तोकिएका
22;हुन्
3;चेतनाको
1;बोलेमा
3;उनीहरूले
1;असभ्य
1;संस्कारहीन
2;बिल्ला
1;भिराइदिन
4;सक्छन्
2;व्यक्त
3;गरेमा
2;विद्रोही
1;हुनेछु
2;अटेरी
2;बन्नेछु
1;परिभाषा
1;निर्धारण
28;गर्ने
3;अधिकार
1;स्वयंबाहेक
15;अरू
2;कोसित
2;सोध्न
9;चाहन्छु
1;अनुपस्थितिमा
1;विवरण
3;तयार
1;अख्तियार
1;उनीहरूकै
14;छोरी
18;वा
2;बहिनी
3;संसारले
6;सुन्ने
1;भन्नेछन्
11;उनीहरू
14;मेरी
2;चेली
2;शिक्षित
3;उसका
3;इच्छाहरू
6;पूरा
3;गरोस्
9;स्वतन्त्र
1;आँटी
1;स्वयंको
1;प्रतिरक्षामा
2;अब्बल
5;बनौँ
21;संसार
1;बुझौँ
27;यही
10;काम
2;साथीहरूले
1;पचाउनै
1;सक्तैनन्
6;नारी
1;अस्तित्वको
1;गर्नेहरू
74;किन
72;आज
4;छोरीलाई
2;अर्काकै
1;भित्ता
1;टाल्ने
5;जात
1;भनिरहन्छन्
4;छोटो
4;वस्त्र
1;नलगाउनु
2;त्यसले
3;पुरुषलाई
1;लोभ्याउँछ
2;ममाथि
1;कुटिल
2;दृष्टि
1;वस्त्रलाई
1;दिन्छन्
1;पहिरनले
2;उनीहरूलाई
5;इज्जत
1;लुट्ने
2;अनुमति
6;दिन्छ
3;ठिक
1;स्वीकार
22;गर्छु
1;बलात्कारकै
2;स्वागत
10;भएछ
2;भन्नुस्
4;तिनीहरू
16;जो
1;बलात्कारमा
3;लिप्त
1;उनीहरूमा
9;अलिकति
1;आत्मसम्मान
1;ल
9;खराब
3;केटी
1;भएछु
1;हुँदैमा
4;बलात्कार
2;सज्जन
62;कि
1;दुर्जन
1;अश्लील
1;उत्तेजनामा
2;स्वयंलाई
2;नियन्त्रण
4;उनीहरूको
2;चेतना
4;नारीको
4;अधीनमा
1;पर्न
1;नचाहने
2;पुरुषहरू
11;लौ
1;भनमेरो
1;लुगा
8;हेरेर
1;जाइ
1;लाग्छौ
3;कसको
2;अधीन
1;पऱ्यौ
1;नरहने
1;आदर्श
39;बेला
26;कहाँ
33;जति
1;बलात्कारी
1;बनिरहन्छौ
1;सोधिरहेकी
44;आफ्नो
1;पुरुषत्वको
1;दाबी
2;गरिरहन्छौ
3;पुरुष
5;मित्रहरू
8;भन्छन्
1;चेलीहरू
1;आमाहरूलाई
2;पुरुषको
1;नजरबाट
4;सुरक्षित
1;राख्छु
1;चेलीहरूप्रतिको
1;दुर्व्यवहार
2;सहन्न
2;होसियार
3;बन
15;भनेको
2;रद्दी
3;सोचेर
1;अचम्मित
16;हुन्छु
18;भन्दै
16;गर्दा
12;तिनै
1;पुरुषहरूको
1;हाँचमा
1;समावेश
2;गर्दैछन्
12;छोडेर
2;पारिवारिक
1;नाताका
4;नारीहरूको
34;मात्र
1;सुरक्षाको
5;पुरुषले
1;आमाविरुद्ध
46;भएको
1;दुर्व्यवहारमा
2;प्रयोग
19;गर्छन्
1;कुरो
1;स्वीकार्य
1;केटाहरू
1;समूह
2;बाँधेर
1;केटीहरूकै
1;केटीका
4;नग्न
3;तस्बिरहरू
1;लेनदेन
37;जब
3;सोध्छु
1;त्यसो
2;एउटी
1;केटीलाई
7;कसले
3;बनाउँछ
9;त्यस
15;उत्तर
1;अञ्जान
10;छौ
3;केटा
3;सुनेर
12;जे
2;सामान्य
13;केवल
7;संसारको
2;सत्यप्रति
1;अनभिज्ञताको
2;सङ्केत
2;उत्तरले
1;पुरुषका
1;हर्कतलाई
9;अति
9;रूपमा
1;लिनुपर्छ
4;चुपचाप
1;बस्नुपर्छ
8;बोल्न
10;हुन्न
1;मप्रति
4;चाहन्छ
3;व्यवहार
1;गरोस्म
1;अन्तरमुखी
1;बन्नुपर्छ
11;हुनुपर्छ
2;विरुद्धमा
3;बोलेँ
1;संसारभरिकै
2;घमन्डी
3;यस्ता
2;सुन्छु
13;मनमा
1;खुल्दुली
8;आफ्ना
1;चेलीहरूको
2;सुरक्षा
1;तमाम
1;दाजुभाइहरूले
2;संसारका
1;पुरुषबाट
2;अलग
1;राख्छन्
1;हुनसक्छ
1;पुरुषहरूलाई
1;कहाँनेर
1;कोरेर
1;छुट्याउन
2;समाजका
1;नियमकानुनहरू
4;खास
6;बनाउने
1;मानिसहरूले
1;आदेश
1;हुकुमहरू
2;पालना
34;गर्दै
1;थाकिसकेँ
53;त्यसैले
1;सोधिरहेछु
2;समाजको
2;सभ्यता
1;कायम
28;गर्न
2;समाजलाई
1;उन्नत
1;सुसंस्कृत
7;बनाउन
1;विधानहरू
7;बनेका
1;नारीका
2;नियमहरू
1;गर्नुपर्छ
10;पर्दैन
3;नारीले
1;पूर्वक
4;हिँड्नु
17;पर्ने
2;हुनुपर्ने
1;बोल्नुपर्ने
2;सोही
1;अभ्यास
1;नगर्ने
1;व्यक्तिले
1;पालन
2;चलन
2;बनाए
1;संस्कृतिको
5;विनाश
3;लात
2;हान्नु
5;गलत
27;होइन
1;घृणा
1;दर्साउनु
1;उत्ताउलिनु
5;भन्छौ
2;अर्ती
1;नगर्नु
1;सुन्नुपर्छ
9;सबैको
10;छोरा
1;छोरीमा
1;गल्तीको
4;विभेद
1;भन्देऊ
1;पुर्खाले
1;साँचेको
1;संस्कृतिलाई
4;खुब
2;अन्याय
2;कदापि
1;असमानतामा
2;रमाउन
1;सक्तिनँ
1;माइती
1;बाबालाई
7;भन्न
1;तपाईँकी
1;चेलीको
2;प्रगति
4;सफलताको
1;साथीसङ्गी
2;गाउँका
1;छोरीहरूको
6;विकास
1;सोचिदिनुस्
2;छोरालाई
1;बनाउनुहोस्
4;संस्कृति
1;छोरीबिच
2;राख्ने
3;कठोर
1;परम्परा
2;न्याय
1;समानताको
4;विरोध
2;थोत्रो
5;सामाजिक
1;आधारशिला
3;मैलो
3;वरपर
2;अनी
1;पाल
1;त्रीपाल
1;बाँस्का
1;भाटा
3;सबतिर
1;छिरी
1;बल्दथ्यो
2;दियालो
23;पानी
2;पर्दा
1;खलललै
1;बग्थ्यो
1;ओछ्यान
12;भित्र
1;साँझै
6;जुन
1;टहटही
2;पस्दथ्यो
1;छ्यान
1;बाँसैका
1;कुटी
2;बाँसकै
1;मकान
3;लेख्ने
2;पढ्ने
1;टसक
3;बस्ने
2;बाँस
2;बिच
3;रहरको
1;प्यासको
1;फूल्
1;पलायो
5;हेर्दा
7;हेर्दै
2;बनि
21;पो
5;झन्
1;जलायो
2;लामा
1;सुरसिला
1;पानका
7;पात
5;राता
1;ताता
1;विरसिला
1;प्यासका
5;आस
3;सेता
1;दन्तै
1;चहचह
1;वेगको
1;भन्थे
1;आओ
1;नवयवन
1;रागको
4;प्यास
2;बुन्दै
1;ओठ्का
1;चक्षुका
3;शान
2;काला
1;तीखा
1;मृग
3;नयन
1;चिर्दथे
2;मन्
1;चसक्कै
1;जोरी
1;खेल्थे
1;मकनसित
4;अहो
1;लालि
1;पोतेका
2;गाला
1;ईत्री
1;रन्थे
1;हरक्षण
1;शीव
1;भक्त
3;ति
2;प्याला
1;हाँस्दा
2;खुल्थे
1;दरशन
1;रति
1;मोती
1;बिर्साउने
2;दाँत
1;हाँसोसंगै
2;बहकिने
1;जीवन्को
16;साथ
6;औधी
3;राम्रा
1;छुनुमुनु
1;केशका
1;राशि
4;खेल्दै
2;घुम्दै
1;मथपरिक्रम
5;गर्थे
1;औला
2;विचित्र
1;चुच्चो
1;वक्ष
1;बटन
2;कसिलो
1;तान्दथ्यो
1;भुसुक्कै
2;बनिकन
1;बस्दथ्यो
1;तन्
1;टुसुक्कै
1;वक्षे
5;भन्थ्यो
1;करकमल
6;हे
1;आइजा
4;मस्त
1;भैजा
1;चित्तै
1;सबकन
2;बुझी
15;माथि
1;लैजा
4;दिनै
1;बित्थे
1;मुखभरि
1;भको
1;थूकको
1;लुम्स
2;निल्दै
3;जीवन्
1;बित्थ्यो
1;परम
1;इशको
3;नामको
14;नाम
2;जप्दै
1;नरबहादुर
43;त्यही
4;पात्र
5;जसलाई
91;एक
13;घरको
1;आँगनबाट
40;केही
2;सोध्नु
4;गएको
1;माथिको
1;आदेशमा
4;हुल
1;एस
1;म्यनहरूले
11;खै
6;यतिका
4;वर्षसम्म
1;सोधी
2;सक्यो
9;बा
38;अझै
1;सोध्दैछन्
4;कसैलाई
1;अत्तोपत्तो
14;अन्तिम
1;कमानसिङ
1;तुलमायाले
2;मृत्युले
1;नजिकबाट
1;गिज्याएको
6;देखेको
6;त्यसपछि
31;कहिल्यै
1;पाएन
1;चेम्गाङमा
1;डडिमाखामा
1;हल्लाहरूले
2;मज्जाले
5;विज्ञापन
1;पायो
1;आयोआयो
14;वर्ष
1;बाच्यो
1;मृगतृष्णा
6;काका
3;नर
2;बहादुर
2;मर्यो
10;आउने
5;बुढी
8;सम्झेर
6;आई
1;हाल्थ्यो
20;नि
1;मनिपुरे
5;कान्छा
13;हैन
34;घर
2;कसो
1;नआउला
1;सँगैको
5;साथी
1;डिबि
1;राई
3;पोहोर
4;फर्केर
23;आयो
1;कौशिला
1;भाउजू
7;आएको
4;दुईचार
2;भइसक्यो
1;आ
12;बुहारी
2;काले
10;आखिर
2;सिन्दूर
5;उसैको
1;लगाएकी
1;क्यार
2;दह्रो
6;बनाएर
5;बस
1;माने
1;भन्ज्याङको
3;उकाली
1;निम्तोलाको
2;देउराली
1;सुनबिरे
1;दाह्री
1;बुढाहरूले
1;सुन्दा
2;नरबहादुरको
1;बाटोभरि
1;लतपतिएको
9;रगत
1;पछिसम्म
4;सुकेको
32;थिएन
9;अरे
1;नीरमाया
1;धर्मपत्नी
1;ले
1;जेञ्जु
2;बेलाको
2;मण्डल
1;लाई
1;सरापी
1;रहन्छ
1;पिशाच
1;नीरमायाहरू
8;कयौँ
1;आमाहरूको
2;सराप
3;लगेर
11;आशा
8;मरेको
9;यस
2;कवितामा
3;गाउँले
3;जातीय
1;लवजलाई
1;जस्ताको
5;त्यस्तै
3;राखिएको
1;जगरबगर
1;गाउँबस्ती
4;पाखा
1;पखेरो
1;चउर
15;पर
2;भिरालो
8;खाली
2;कटेरो
1;दउरि
1;कुदि
1;लखेटी
2;एकले
3;खायो
1;विधि
6;हरायो
5;कालको
6;युग
4;पशु
1;पशुकै
1;भेषभाषा
1;पुकार्छन्
1;खगगण
2;नभ
1;कुद्ने
1;मातृभाषा
1;सुसेल्छन्
14;समय
1;खिइसके
10;हेर
1;सुवाणी
1;विलिन
1;विहिन
2;भैगो
1;स्वजन
12;कसैको
1;छ्यानबिछयान
1;उदर
1;भरन
9;मात्रै
1;अन्यको
21;यति
1;जोड्छु
1;खालि
6;पालो
1;विनय
1;सकियो
2;सरि
1;जागुन्
6;ढुक्क
1;मैलाई
4;चैन
5;हरि
1;गुणि
7;सबमा
1;ज्ञानको
1;लेश
9;तल
1;खसाली
1;छोड्यो
2;दुनियाँ
18;साँच्चै
37;जीवन
1;वनसरी
1;मर्यदाले
1;विहीन
3;मनुज
3;मति
4;गो
5;भित्रभित्रै
1;अवनि
3;गगन
1;जोडने
1;फुर्तिलो
1;घुर्कि
5;शिव
2;बार्दलीमा
1;हेरिपठाउँछु
2;पल्लो
1;झ्यालतिर
1;सुन्दरीलाई
2;अलिक
3;हतारमा
5;थिइन्
1;मोबाइलसँग
1;सेल्फिको
1;डन्डासँग
2;यतिकैमा
35;आँखा
1;जुध्यो
2;अलिअलि
1;लजाउँदैसर्माउँदै
1;हल्लाएर
2;बेपत्ता
10;भई
1;मोबाइलमा
1;किरिङ्गकिरिङ्ग
3;घण्टी
3;बज्छ
2;एक्कासी
3;कोसँग
10;व्यस्त
15;हुनु
1;टिकटक
1;भ्याउनु
17;आवाज
1;कानसम्म
1;ठोकियो
1;तिनछक्क
1;परेँ
1;बसीबसी
1;भाइरल
2;पत्तै
6;भएन
23;सानो
3;छँदा
16;सपनाहरू
1;सस्ता
1;नाचिरहन्थेँ
1;मानसपटलमा
9;दुई
8;वटा
6;पुरा
6;हुन्थेँ
2;यदाकदा
1;प्रफुल्लित
11;अझ
3;पुलकित
3;सम्हाल्न
5;गाह्रो
6;पर्थ्यो
7;आफूलाई
4;सोच
1;लगभग
2;सम्झौता
15;हुन्थ्यो
4;सानै
1;जिन्दगीसँग
2;हारेको
7;महसुस
2;गरिनँ
1;क्षणभरको
2;रुन्चे
1;आग्रह
10;मै
3;पख
7;भोलि
5;भन्नु
2;बुवाले
4;भोलिको
1;आशातीत
5;प्रतीक्षामा
2;कटाउँथे
3;बस्
1;झुल्के
2;घामसँगै
46;फेरि
3;बुवालाई
1;कोट्याउँथे
1;हिजोको
1;बुवाको
1;बासी
1;वचनलाई
2;पुनः
1;दोर्याउँथे
1;सम्झाउँथे
5;उहाँ
1;आजित
1;हुनुहुन्थ्यो
36;सायद
1;बाल्यकाल
1;आशातित्
2;दिनरात
1;कटाउँदै
2;हुर्किएँ
1;स्कुलमा
12;भएँ
1;चाहिएन
4;सवार
1;शिक्षकबाट
1;ग्रहण
5;गरिएको
5;उपहार
4;निम्ति
1;करोडौँको
5;साबित
1;उफ्रिँदै
3;कराउँदै
1;दौडिएँ
4;धर्तीमा
4;आकाशमा
1;उड्दैँछु
1;भन्नै
1;परेन
2;उहाँले
1;सप्रेम
1;अङ्कमाल
11;गर्नु
1;स्याबास
1;गोजीबाट
1;निकाल्दै
1;बाँधिदिनु
1;नाडीमा
1;मिल्के
3;घडी
8;जसको
1;कटाएँ
10;चाहना
1;थप्न
1;भोलिले
3;वर्षौँ
18;पछि
6;दुवै
13;हातमा
1;लड्डु
1;दिलायो
1;खुसीमाथि
54;कहिले
2;आहा
2;क्या
10;जिन्दगी
5;समयको
1;गतिसँगै
29;सपना
3;मसँगै
1;हुर्किए
1;वृहत्
1;झाँगिए
1;महँगा
19;हुन
4;कठिन
5;थाल्यो
1;आकाङ्क्षाले
1;चिथोर्न
3;थाले
1;हिर्काउन
1;भोलिसँग
1;थेग्न
1;सक्न
1;छाड्नु
4;एकोहोरो
1;उहाँलाई
9;गाली
2;रुवाएँ
1;कुटिरहेँ
1;बुँदागत
1;मागहरूका
1;ज्वारभाटाले
2;परदेश
1;हानिएँ
2;बल्ल
2;बुझेँ
1;परदेशमा
2;फल्दो
28;रहेछ
7;दुःख
1;सास्ती
2;दमन
1;शोषणको
5;खेती
1;चल्दो
4;वास्तविक
1;स्वदेश
1;बस्नु
1;पर्दो
2;सन्तोष
1;मिल्दो
5;जगमा
3;रविको
3;महिमा
2;झलमल्ल
9;ज्योति
1;खुलो
1;बादलमा
6;सुस्त
10;गए
1;खोजि
1;छहरा
4;पहरा
1;सजिए
1;हरियालि
3;जोस
2;लिए
1;जगाइ
4;दिए
8;तब
1;मानवले
5;होस
1;गतिचाल
5;समान
5;रह्यो
1;नढलो
5;गति
5;नत
1;रुद्ध
21;अघि
5;तिमि
5;नभए
5;कुन
2;रहने
1;पलमा
2;कृपा
4;सबका
1;जग
10;सहजै
2;शक्ति
15;दिने
1;गरदै
1;विनती
1;श्राम
2;लिने
1;भुलचूक
5;माफ
1;मिलोस्
1;सज्योति
1;दिनोस्
1;आशाका
1;किरणहरू
1;बटुलेर
4;आँसुका
1;ढिका
1;समेटी
11;खोजीमा
1;बेताब
1;नजरलाई
1;छेक्दैनन्
6;अन्धकार
1;बादलहरूले
1;रोक्दैनन्
3;अग्ला
1;टाकुराहरूले
1;हराउने
5;छैनौ
1;निभेका
1;बत्तीहरूबिच
1;मुस्कानको
13;एउटै
3;टुक्रा
3;हिँडेका
8;विश्वास
1;मर्दैनन्
1;बोतलका
1;प्यासहरूले
1;काटिँदैनन्
1;धारिला
1;धारहरूले
1;तिमीबिनाको
3;घायल
3;दिल
2;लहरमा
1;लहरिने
1;अङ्गालोको
4;पलपल
1;छटपटिएको
1;बसोस्
3;प्राकृतिक
1;रङ्
2;फेरिएर
2;धर्तीका
1;सम्झौताहरूले
8;दिएको
3;झुट्टो
1;सन्देशलाई
1;स्विकार्ने
3;कात्रोमा
1;बेरियौ
5;छोडी
4;टाढा
2;गयौ
3;अहँ
1;बेरिएको
1;मदेखि
1;खोज्नेछु
4;कुना
2;भीड
2;गल्ली
2;समर्पित
1;शरीरलाई
1;ठिहिराउँदैनन्
1;हिउँका
1;थुप्राहरूले
1;जलाउँदैनन्
1;आगोका
1;मुस्लाहरूले
1;पोल्दैनन्
1;धूपका
1;चर्का
1;किरणहरूले
1;डुबाउँदैनन्
1;सैयौं
1;समुद्रहरूले
1;व्यतीत
1;प्रेमलाई
2;उ
2;जाति
6;पेट
1;भर्न
2;खानु
1;मेट्न
1;पिउनु
3;मिसिएको
3;नुन
3;किन्न
2;सापटी
1;माग्दा
1;महिनौँमहिना
6;पुग्ने
1;अमिलोनुनिलो
3;पार्ने
1;मुरीकामुरी
1;वचनका
3;आमालाई
1;मनकारी
1;छिमेकीहरू
1;मानवतालाई
1;तिलाञ्जली
9;दिएर
2;लुट
1;झुटको
1;पुच्छर
1;शुभकार्यमा
2;अलिकता
2;नसक्दा
1;बाछिटोलाई
1;गर्ल्याम्म
2;अङ्गालो
1;निदाउने
3;राख्दै
2;हातको
1;सिरानी
8;लगाएर
1;ढल्नु
4;धर्तीको
1;खाट
2;ओछ्याएर
1;कपुरी
1;क
1;खरायो
1;ख
1;पढाउँदै
3;दिदीले
3;देखाएर
3;आशिष्
1;दिनुहुन्थ्यो
3;तारा
5;छुन
1;सकेस्
6;रित्तो
1;पेटमा
1;चट्याङ्ग
1;प्वाल
17;परेको
1;छानोबाट
1;बर्सिन्थ्यो
2;मानौँ
13;उसलाई
1;उत्साहका
1;ज्वालाहरू
2;निभाउनु
1;ओस्सिएको
1;सलाई
1;मिल्क्याउनु
6;आफन्त
1;भनौदाहरु
2;दिनहुँ
1;सहयोगका
2;बिउ
1;रोप्थे
5;कुनामा
1;बदलामा
1;वर्षेनी
1;सपनामा
1;हिउँद
2;हामीलाई
1;जाडो
1;ताप्न
5;बाध्य
1;गराउँथे
5;हाँसो
6;खुसीको
1;उठाउँथे
5;दाइ
2;पसिनाको
3;बिस्कुन
3;फिँजाएर
3;आयु
1;बेच्नु
1;खरिद
2;बुनेर
13;बाबा
1;दम
1;निमोनिया
1;टाइफाइडसँग
1;फाइट
2;फोक्सोको
1;भाग
1;मन्साएर
10;शान्त
2;पार्नु
1;चाडपर्वसँग
9;युद्ध
1;इज्जतको
2;चढाएर
1;देवीदेवता
1;हुँदाहुँदा
3;अभाव
1;भोकसँगको
1;युद्धमा
1;अभावहरूले
3;मृत्युको
1;मुक्का
1;हिर्काएछन्
1;नब्युँझिने
2;निदाउनु
1;परिवरको
2;खुसीका
1;खडेरीले
5;खाएको
3;रुखो
1;खेतजस्तो
2;सुख्खासुख्खा
1;मुहारमा
5;जूनको
1;टपक्क
3;टिपेर
1;उज्यालोले
1;भरिदिने
1;प्रण
1;जमिनझैँ
2;चिराचिरा
2;फुटेको
3;भाग्य
3;इन्द्रेणी
16;रङ्ग
1;चोरेर
1;सजाइदिने
1;हिँड्या
1;नपुग्दै
1;दाइसँगै
1;दाइका
1;जिम्मेवारीहरू
1;बाकसमा
1;भरिएर
1;आएथे
4;सम्झनाको
1;तुइनबाट
1;वर
2;कोठाको
1;झुन्ड्याइराखेको
3;दाइको
2;तस्बिरमा
7;पुगेर
1;ठ्याक्क
1;अडिन्छन्
2;मुस्कानमा
4;सजिएको
1;हाँसेरै
1;काटेस्
19;गरेको
1;भान
19;तस्बिर
2;मास्तिर
5;बाबाको
1;फोक्सो
1;प्वालैप्वाल
4;बाको
2;कोट
2;अङ्गालेर
2;आँसुको
1;तलाउमा
1;छप्ल्याङ्ग
1;हाम
1;फाल्छु
2;रित्याएर
2;परदेशी
1;स्वर्गीयको
1;पर्यायवाची
7;हौ
8;नानी
7;देखेँ
68;जस्तो
14;कहीँ
9;तिमीसँग
4;पक्कै
3;भेट
1;भाकै
3;अँ
1;आइतबारे
1;हटियामा
1;सेकुवा
1;कोदोको
1;जाँड
1;दन्काउँदै
2;चारो
1;बटुल्दै
1;आइपुगेकीथ्यौ
3;निक्कै
2;बेर
1;जुधेको
1;हार्न
1;चाहिनँ
1;जित्न
1;सकिनौ
6;रातो
2;पारेर
2;अन्तै
1;फर्केकीथ्यौ
6;ए
1;गालामा
1;डिम्पल
1;देखेकै
1;लाखे
1;लिवाङटारमा
1;उँभौलीको
1;ढोलझ्याम्टाको
1;तालसँगै
1;माङलाङ्
1;केलाङ
1;नाच्दा
1;भाको
4;की
1;झुक्किएर
1;ठोकिँदा
1;फुकालेर
1;हेरेथ्यौ
9;लाग्यो
2;नशालु
3;भेटेँ
2;भेटेको
1;साँच्चि
1;लुङ्गा
1;धोजवीरको
1;विवाहमा
1;लोकन्ते
4;आउँदा
1;गलाले
1;थाम्नै
1;नसक्ने
1;तमर्केको
1;माला
1;लगाइदिएर
1;खोर्सानीको
1;हुक्का
1;तनाउँदै
1;सिस्नुको
1;आसनमा
4;लगाउने
2;लु
6;त्यहीँ
1;सोल्टिनी
5;आधा
3;खेर
1;गैगो
2;बाँकी
1;मिठै
1;खुवाउँला
1;राम्रै
2;दिउँला
1;बसाउने
3;आँट
1;चिटिक्कको
1;कमाई
1;खाउँला
1;पाखैमा
1;काखैमा
4;हिम्मत
74;थिएँ
1;सोच्दथेँ
1;अज्ञानी
1;अशिक्षित
1;सानोपनको
1;फाइदा
11;आस्था
1;रीतिरिवाज
2;सिकायौ
2;रम्न
1;अँगाल्न
1;रमे
1;अँगाले
10;सत्य
1;ठानेँ
2;नगरीकन
4;शङ्का
1;नानीको
2;आमासँग
1;लेख
1;पढ
5;थालेँ
1;सृजनात्मक
1;समालोचनात्मक
7;सोच्न
1;छाडेँ
1;धर्मले
1;साथीलाई
3;अछुत
2;जीवनलाई
1;अजात
8;स्वर्ग
2;जानु
6;प्रमाण
2;पुनर्जन्म
2;नर्कको
11;डर
2;देखाउनु
1;नैतिकता
1;इमानदारिता
2;दया
1;करुणाका
1;जिउँछु
1;लोभ
5;डरले
3;मानवताको
1;चेतनशील
2;प्राणी
1;भएकोले
6;मानिसलाई
2;धार्मिक
1;विभाजनले
2;मानिसको
1;अदृश्य
3;कल्पनाको
2;साथीभन्दा
3;परिवार
2;प्यारा
1;आउँदो
1;पिडीकोलागि
4;संसारलाई
4;बनाउनु
2;जुनै
1;आस्थामा
2;सत्यता
1;वैज्ञानिकता
2;पाइन
1;झुटो
5;भर
5;पाएँ
1;अन्धविश्वास
1;भ्रम
1;झुट
2;बेइमानी
1;विकृति
1;विभाजन
1;असमानता
1;हेलाहोचो
3;भेदभाव
1;भ्रष्टाचार
9;आदि
1;आस्थाले
7;बुझ्न
11;नयाँ
1;ज्ञानविज्ञान
3;प्रगतिको
7;बाटोमा
1;हिँड्नबाट
4;बार
1;लगाउँछ
2;ईश्वरको
1;प्रार्थनाको
7;जवाफ
4;रोग
1;भोकमरी
1;प्रकोपबाट
1;जोगाएको
2;ब्रमाण्डको
2;अध्ययन
4;विज्ञान
1;पर्याप्त
4;व्याख्या
2;विज्ञानलाई
2;आवश्यकता
7;धर्म
2;भगवानलाई
1;बहिस्कार
2;साँचो
1;सत्यको
9;हिँड्न
1;चाहेँ
1;भलै
1;बिचारमा
1;समर्थक
6;होलान्
1;विचारमा
2;खुलेर
1;निस्किन
2;सकेका
3;विचार
6;पुरानो
6;त्यसको
1;मतलब
4;असाधारण
1;दावा
1;गर्नेले
2;देखाउन
3;सक्नु
2;पर्दछ
1;गौरवान्वित
1;नास्तिक
2;सुनौला
16;बोकी
1;आएछौ
8;लोकमा
1;सुकार्यको
1;बिचार्
1;जागोस्
3;धीर
2;लम्किनु
1;वृद्ध
2;बालक
7;निरन्तर
1;नहुनु
1;कैल्यै
1;श्रमजीवि
1;मानसम्मानको
4;रक्षा
1;सङ्कष्ट
1;धेर्
1;नआत्तिनु
5;वीर
1;ईर्ष्याको
4;भाव
2;त्यागेर
1;मैत्री
1;बढाऊनु
1;जंजीर
1;फाली
1;हातैको
1;चम्किनु
7;अर्काको
1;श्रम
2;खोसेर
8;खाने
2;आशक्त
2;यिनको
1;सङ्गति
4;देखि
3;तर्किनु
1;निन्दाघृणा
1;कुकर्मादि
1;नबढ्नु
1;सर्नु
1;नचढ्नु
1;अश्वमा
5;अरूको
2;ज्ञानी
1;सुपाठक
1;यस्ताको
3;रमिता
1;तर्सिनु
1;जैल्यै
1;कुभलो
1;सोचने
1;नहिँड्नु
22;उसको
1;मिथ्या
1;परै
1;छाडौँ
1;नसुन्नु
2;वाणी
1;भड्किनु
1;संझि
3;लागे
1;बाधा
3;पार्छ
1;अलगै
2;बादलभित्र
1;लुक्दा
2;छाम्दै
1;पाखो
1;भिरमा
1;कुटो
3;गाड्दै
2;टेक्ने
1;खुड्किलो
1;समात्ने
1;लहरो
15;खोज्दै
4;यौटा
1;झुप्रो
1;उभ्याउन
1;घडेरी
1;सम्म्याउँदै
1;डोब
4;बनाउँदै
2;किल्ला
1;करेंसोबारी
2;पाटा
1;बिराउँदै
4;बर्खे
3;रोप्न
4;गरा
1;हिल्याउँदै
2;हिउँदे
6;मकै
1;छर्न
1;ढाँडे
1;जोत्दै
1;कोदो
1;मस्याम
1;कोट्याउँदै
1;फोक्टा
1;आली
1;चुल्याउँदै
3;गाई
1;ग्वाली
2;पाली
1;पूर्वतिर
1;सुर्को
2;खन्दै
1;गैरी
1;खेतदेखि
1;घरसम्म
4;गोरेटो
3;दाउराको
12;भारी
2;बिसाउने
1;चौतारो
1;भरियाले
1;पिउने
1;ढुङ्गे
1;धारो
1;गाईलाई
1;डाले
1;काट्ने
1;बिरुवाहरू
4;लगाउँदै
2;घाँस
1;पराल
1;माच
1;पाखामा
1;छाउने
2;खर
2;काट्दै
3;बजार
3;पुर्याउन
4;बारीका
1;कान्लाको
1;अम्रिसो
1;बगानको
3;सुन्तला
1;घोडा
1;लाद्दै
4;वस्तु
1;खर्क
1;लैजान
1;सामले
1;पेरुङ्गो
1;अगेनाको
4;छेउमा
1;खोसेलाको
1;पिरा
1;तुन्दै
4;च्वास्स
1;घोच्यो
4;भइदिएको
1;फुरुमा
1;भटमासको
2;खाजासँगै
2;थियौ
2;आँगनमा
2;बिसाएर
1;पटुकीमा
3;कसेर
1;ल्याएको
2;ठोट्ने
1;खाजासँग
5;दिनेथ्यौ
2;पोल्टोमा
1;च्यापेको
1;टिम्मुर
1;पिसी
1;अचार
5;बनाई
3;बोकेको
1;फुन्से
1;झिकी
1;गुल्फो
2;फुटाएर
11;राम्रो
1;पाकेको
4;रहेनछ
1;आधाआधी
3;बाँडेर
2;थाकेको
2;मझेरीमा
1;गलेँछु
2;ढिँडो
1;हुँडल्थ्यौ
1;गाईको
4;दूध
1;तताएर
1;ढिँडोसँग
1;मुछेर
5;खान
1;बादलबाट
1;चिहाएर
1;खायोखाएन
1;हेर्छ्यौ
1;भन्दिनौ
1;सोध्दिनौ
10;पल
1;आकाङ्क्षाहरू
1;रोप्दैछु
1;फलाउँदै
2;आशाहरू
1;फुलाउँदैछु
2;सम्झनाहरू
1;जोगाउँदै
2;मुस्कुराउँदै
9;बादल
2;भित्रबाट
1;चिहाइरहु
1;नियालेर
4;जिउँदो
2;कोसिस
1;गरिरहन्छु
5;कतिलाई
9;अतीत
1;भइदिन्छ
1;सम्झनसाथ
1;काँप
1;छुट्छ
1;सपनामासमेत
1;पछ्याउन
2;छोडेको
3;किनकि
12;त्यहाँ
9;अस्तित्व
11;पहिचान
6;स्वाभिमान
2;सर्वस्व
1;हाँस्नु
2;हाँस्न
1;खोज्नुमा
2;अन्तर
1;अन्तरमनको
2;आभास
1;मुहारले
1;झल्काउँछ
1;हाँसोमा
5;चित्कार
3;भावना
2;पोख्छ
1;भनिन्छ
1;नैराश्यको
5;फिक्का
14;अहिले
2;क्षितिज
7;देखिन्छ
1;हाँसोको
4;अवस्था
7;कठै
1;भनेन
2;वास्तविकता
1;खोजेन
1;स्वार्थी
4;परिवेशमा
2;वास्ता
2;गरेन
1;काखबाट
1;गलहत्त्याइनु
1;पर्दाको
20;पीडा
4;मुटुमा
1;रोपिँदा
1;सहने
1;क्षमता
1;सकिएर
1;नैराश्य
1;छाएकै
2;बाआमाले
1;आँसुमा
1;टप्काएकै
2;बरा
1;सहनुसिवाय
1;पहुँच
7;बाहिर
1;उल्टाउने
2;महान्
2;आकाङ्क्षा
2;बदला
5;नभएर
1;भाइचाराको
3;दिनु
1;चीनको
1;दक्षिणतिर
1;चारैतिर
2;पहाडले
1;छेकिएको
27;गाउँ
1;जङ्गलले
8;ठाउँ
1;जनावरहरूको
1;चरनभूमि
1;चराहरूको
1;रनवन
1;चर्ने
3;काचिन
2;जन्मेँ
1;चप्लेटी
2;ढुङ्गामा
1;भाँडाकुटी
3;खेलेँ
1;गाईभैँसी
1;भेडा
2;बाख्रा
1;चराएँ
1;दुधेरोमा
1;गोठदेखि
1;आउँथेँ
2;खेतीपाती
2;पौरख
1;देखाएँ
5;भूमि
9;कर्म
2;दोहोरी
1;सङ्गिनी
6;गाउँदै
6;तन
1;सिर्जिएको
1;बाटेर
2;पन
55;झैँ
1;औँ
5;बितेछ
10;लागेको
2;भूमिमा
2;सरकारी
3;भूकम्प
1;सृष्टिमा
4;काल
1;छाएको
1;घरहरू
5;जलेर
6;खरानी
4;बाटा
2;बाटामा
5;लुटिएको
1;टेन्डु
2;बिन्दु
1;बँचाउन
1;छाडेको
1;राजनीतिबाट
1;अचेत
1;बाहिरी
1;नदेखेको
2;पौरखी
2;हातहरूले
5;बनेको
1;आफैँबाट
1;खोसिएको
2;भक्खर
1;लडाई
31;थाहा
1;सोझा
1;सिधा
2;अझैसम्म
2;जान्दैन
2;जान्दछ
9;पसिना
4;बगेको
1;मिहेनतको
1;डोराले
2;कोरिएको
2;भैँसी
1;भेडाबाख्रा
2;हलो
2;चप्पल
2;खोली
1;चढेको
1;उत्रँदा
4;खोजेको
3;आजै
1;बिन्दुदेखि
1;सिलिगुडी
1;सिलिगुडीदेखि
1;काँकडभिट्टा
1;भारको
2;सामान
2;मेची
1;पुल
1;तरेको
1;दर्ता
1;खैनीको
1;बट्टामा
1;रासन
2;थापेको
1;शोकमा
1;व्याकुल
1;शिविरमा
1;शिविरे
1;भइएको
3;अन्ततः
1;खुदुनाबारी
1;क्याम्प
1;झिनो
2;आशामा
1;अमेरिकासम्म
4;हेर्छु
1;बिग्रिएका
2;दिनहरू
16;बिना
4;कारण
1;लुटिएका
1;मार्ने
1;धम्की
6;त्रास
2;सहेर
2;रातारात
5;छाडी
2;ज्यान
2;जोगाउन
5;सम्झी
1;बितिसकेछ
2;गन्ती
1;पुगेँछु
4;उमेर
22;याद
1;सम्झनाले
1;कास्
1;पाइएनछ
4;जङ्गलमा
1;गोफ्ला
3;टिपी
1;नुनमा
1;चोपी
2;बिहानै
10;आमाले
1;मोही
3;पारेको
2;बेलुकी
1;ढिकी
1;जाँतोको
3;घिउ
1;दुध्यारो
1;ल्याओ
4;बाले
1;वाक्यांश
20;कथा
1;टिनको
1;होर्लाङ्गेमा
1;भुटेको
1;भारमा
1;थन्काएको
1;दाउरा
1;ढुङ्ग्रामा
3;राखेको
1;हर्पेको
1;माइलाले
1;गाग्रो
1;कान्छाले
1;धिरी
38;बोकेर
6;हिँडेको
1;पधेरामा
5;अन्त्य
1;जुवा
1;खोल्मामा
1;सिउरेर
4;हाल
1;गोरुलाई
1;हल्लुँड
1;दाजुले
13;खोइ
1;खोले
5;कान
1;थर्किने
2;स्वरमा
1;911
1;कामको
1;व्यस्तताले
4;कर्कश
7;स्वर
1;नम्रतामा
1;बद्लिएको
3;ह
1;तारे
1;मालेअनि
1;बाँके
1;पुणे
1;कण्ठे
1;हल
1;राँगाहरू
1;आलीमा
1;कुद्दै
1;हाल्नेहरू
1;गीतमा
5;रमाउने
1;रोपारेहरू
1;दाँदे
1;फ्याउरी
1;कोदालाहरू
1;तल्लो
1;माथ्लो
3;हिलो
1;छ्याप्दै
1;गाउनेहरू
2;ओराली
1;भञ्ज्याङ
1;खाजाचिया
1;ल्याउने
1;अन्तरीको
2;काटेर
1;खले
2;भरेको
1;कुनिउँको
1;चुच्चोमा
23;फूल
2;धानका
3;बाला
2;शिला
2;रमाइलो
2;एकादेशको
9;बन्दै
1;फ्याउरो
1;कराएको
2;कुकुर
5;रोएको
1;गोरुको
1;डुक्राई
2;बाँ
2;कोइली
1;झ्याउँकिरीको
1;मनोहर
1;सङ्गीतभित्र
2;सङ्गीत
1;भ्यागुता
1;पठ्याङ्ग्राको
1;छिचिमिरा
1;भुसुना
1;मच्छडको
1;अमरत्व
3;कमाएको
1;जुनकिरी
1;कमलकोट्टि
1;पुतली
1;बारुलो
1;मौरी
1;खागो
1;बछियौं
1;कलमका
1;टुँडोले
1;लेखिने
1;भण्डार
1;बन्दैछन्
3;कलमको
1;चराचुरुङ्गीको
2;मनमोहक
1;पखेराका
2;सुस्केरा
1;सुसेली
1;झर्नाका
1;निश्चलता
1;नागबेली
1;कन्दरा
1;चाली
17;हिँड्ने
7;खोला
1;नालाका
6;गीतहरू
16;फरक
3;नजरमा
1;सागरको
2;गहिराई
4;हावाको
4;वेग
5;स्पर्श
1;सूर्यको
1;क्षितिजदेखि
1;क्षितिजसम्मको
2;त्यतै
3;पारिजातको
3;बैँस
2;रातमै
4;फुली
1;झर्ने
1;नहोला
6;आँखामा
1;मभित्रभित्रै
1;आमूल
2;परिवर्तनको
1;छाल
1;छल्किरहेछ
1;सन्देशमै
2;मुस्कान
1;मेटिएको
1;खोटो
2;तकदिर
1;काँचसरि
1;फुटेका
3;एकाएक
1;जोडिँदैछन्
1;बार्दली
1;सप्तरङ्गी
1;किरणलाई
1;गराउन
3;आतुर
1;खुल्नुअघि
7;भित्तामा
1;पोती
2;बसेको
1;सजाउन
1;हरदिन
3;दिलको
3;बगैँचामा
1;रङ्गीबिरङ्गी
1;खिलाई
1;लुटाउन
1;ढल्नै
1;झ्याउँकिरीसँग
1;लुकामारी
5;हराउँदै
1;मिठामिठा
2;बुन्छ
2;माकुराको
2;जाल
4;आजभोलि
4;वर्षदेखि
1;प्रतीक्षाका
2;गन्दै
1;पर्खिबस्थे
1;झल्को
1;हेर्नलाई
2;मीठो
1;स्वाद
1;घुटुक्क
5;मुखमा
1;यूवा
3;बच्चा
1;निल्छन्
2;रस
1;चुसेर
1;चल्दा
4;खुबै
1;वृद्धावृद्ध
1;बालकै
1;सकलको
1;चुस्ने
18;ललिपप्
3;सुटुक्क
2;मक्खै
3;परेका
2;नेताले
1;जनमा
1;भोटै
2;फकाए
1;वाधाको
2;भरमा
3;गरने
1;भ्रष्टै
4;नेता
1;देशैको
2;ढुकुटी
1;खरानि
3;मौका
2;मिलाई
1;ख्वाऊ
1;चुनावअघि
3;नारा
1;अन्सन
1;रोकिन्छ
1;मोर्चा
1;पार्टी
11;सबको
2;सजीलै
1;लड्डू
1;थपेर
2;जनको
1;सुखैको
1;अन्त्यमा
1;रणमा
1;धोका
4;नौलो
1;सुरुवातको
1;खुसपना
1;बाँड्दै
1;धोक्रोमा
3;भरेर
2;पैदा
4;झन्डा
1;फररै
2;शहीद
1;जलिँदा
5;सन्तान
1;ताला
1;सजाए
1;क्रान्तीमा
2;बलिदानको
2;सम्मान
1;हूँदैन
1;नेताको
1;बदलिन्छ
2;निजको
1;तलास्दै
1;मौकामा
2;मत
1;हराऊँछ
1;जन्तामा
3;छरेर
1;बनाऊँछ
1;प्रेमीले
1;जनाए
1;प्रेमीका
2;बनेकी
2;बाबाले
1;बैनीले
2;दिनको
1;पाठै
1;सिकेकी
2;छिटै
1;भ्रष्टेले
1;खबरी
1;चुप्पै
1;गरायो
1;इन्साफ्मा
1;घुसेर
1;बचेका
1;राजाले
1;सत्ता
1;बढाए
1;रैती
2;शिरमा
1;ढोग्दै
1;भोग्दै
2;मौलायो
1;कलिमा
1;भ्रष्टे
1;सिपाही
1;खोक्रो
4;सलाम
1;सरमा
1;सेना
1;फौजी
1;बरै
20;कस्तो
6;अचम्म
1;लाल्चा
2;थपेको
2;पापी
5;हजार
1;मन्छे
1;बिगार्दै
4;ढुङ्गा
1;झत्ताको
2;खेलाउँथ्यौ
1;लुकाई
1;मिठाई
3;खुवाउँथ्यौ
2;रोएँ
3;भनेँ
8;अनेक
1;हँसाउँथ्यौ
1;गोठालोमा
1;आलु
1;पोली
1;थकाई
1;नओबाई
1;चुलामा
1;पुग्थ्यौ
1;छिचिमिराको
1;हेलिकप्टर
1;बनाइदिन्थ्यौ
9;पार्न
1;लागिपर्थ्यौ
2;पकाउन
2;खुवाउन
1;नुहाउन
1;पढाई
1;पढाउँथ्यौ
3;जाँचमा
1;पास
9;बानी
1;फलफूल
1;छुई
1;डुम
1;चु
1;बु
1;किर्किताइर्कीमिर्की
3;साथीहरू
2;भेला
9;पारी
1;नाची
2;नाच्न
1;सिकाउँथ्यौ
1;सिकाउन
1;फुर्क्याउँथ्यौ
4;जहिले
1;बिरामी
1;सुर्ताउँथ्यौ
3;खाएर
1;जोगाउँथ्यौ
1;सिर्कनोले
1;पिट्दा
1;लुकाउँथ्यौ
2;निशब्द
1;पराईसँग
2;रमाउनु
1;पराईकै
1;चुलो
1;डाडुपनिउँ
1;समाउनु
1;पराईको
4;बाध्यता
1;फुलाउनु
5;रहर
6;आउन
2;लिनु
1;कठिनाइका
2;दर्दनाक
2;पिडा
2;लुकाएर
2;ओठमा
4;कृत्रिम
1;माइतीलाई
1;नदेखाउने
1;नकाट्नू
4;संस्कार
1;जोगाउनू
3;दिएका
2;सुने
4;मान्छेले
1;मापसे
1;हेला
1;हौली
2;पुरानै
2;चोली
1;धोयौ
2;रोयौ
2;आँगनीमा
2;मखमली
1;फुल्यो
1;पायौ
6;बस्ती
5;चकमन्न
1;मध्यान्ह
7;मानव
10;मानिस
3;हजारौँको
1;सङ्ख्यामा
4;मानिसहरू
2;बस्तीको
2;मनै
3;सभ्य
2;बस्दा
6;रहेछन्
1;हिँड्दै
1;धरै
2;पुगेँ
7;शून्य
1;कटिसकेको
1;अढाई
1;कोरी
1;नाघिसकेको
5;पाइला
8;अलि
1;चालेँ
2;जिज्ञासा
1;राखेँ
3;हजुर
4;बस्तीमा
1;बस्दैनन्
1;अजनबी
1;हतारिँदै
1;बस्छन्
3;फुर्सद
1;छँदैछ
3;भेट्ने
1;पुलुक्क
1;फर्की
1;बस्तीलाई
8;हेरेँ
3;मिली
2;गरुँ
1;प्रेमपुजा
1;कल्मष
1;नास
3;धुजा
1;जुटि
1;एकबद्ध
1;यूग
3;बिते
1;सँगसंगै
1;कार्यहरू
17;प्रेम
1;सुधा
1;रसराग
1;भरूँ
1;हु
1;मालि
1;फुल
1;बाटिकमा
3;छेउ
5;प्रिया
1;सरसेवन
1;गर्
1;बुझ
3;बात
1;नगरेर
3;ढिला
1;बढ
6;सामु
2;दील
3;खुला
16;गर
7;सरी
1;कर
1;बन्धनले
1;कस
3;राग
1;छरी
1;हाँसि
2;दिँदा
1;वीलिन
1;नाचि
1;नेत्र
1;ओठहरू
1;मन्द
5;ख्याल
1;कमि
1;पुछ
1;माथ
1;सुस्तसँगै
1;उठि
2;ठिक्क
3;खिल
4;परी
1;सिँच
3;अत्तर
1;अङ्गभरि
5;सागर
2;मानवको
4;छुने
1;तनको
1;धनको
1;सज्जनको
2;सारथि
1;रुप
1;पारखि
2;ब्रह्म
1;हरी
1;मोहित
1;तिमिसामु
2;भवमा
2;नभमा
1;मानवमा
3;राज
3;दिलमा
2;रुपको
2;महनी
8;भन्छु
1;रुपकी
1;जननी
1;तिमिमा
2;गै
1;तनले
1;अर्पण
1;खेति
1;तकियातिर
1;ढल्कि
1;वरी
7;यता
16;भाषा
2;निस्किएको
1;धुवाले
16;आकाश
1;ढाकिएको
2;बिछोडको
2;पीडामा
1;झरेको
3;आँसुले
4;डुब्दै
1;हातहरूमा
1;नेल
1;ठोकिँदै
5;काहीँ
1;राष्ट्रप्रेमीहरू
2;जिउँदै
1;गाडिँदै
4;व्यवस्थाले
1;जिउँदा
1;आत्माहरू
1;जमिनमुनिबाट
1;चिच्याइरहँदा
2;आफन्तहरूलाई
1;आतङ्कवादी
2;सीमा
1;कटाइँदै
4;थकित
1;यात्रापछि
7;लाखौँ
1;नागरिकलाई
2;बगरमा
4;शरणार्थी
1;भनिँदै
3;गाँस
1;कपास
1;भिखारीझैँ
1;कुट्दा
1;कुट्दै
2;सहन
4;नसकी
1;बेहोसिएको
1;बन्दीझैँ
1;रुँदारुँदै
1;सुकेर
1;बालकझैँ
1;पहिला
5;पछाडि
1;अङ्ग
1;बाडेझैँ
1;सन्तानहरूको
1;भागबन्डा
1;रोए
3;आमाहरू
2;नभेटिने
1;सातै
5;दिशा
1;छरिँदा
1;तड्पिए
3;मनहरू
1;घमन्डको
3;सर्छ
7;खुट्टा
2;तानेर
1;भिड्ने
23;गर्छ
1;परस्पर
1;कमिलाबाट
1;सिक्नुपर्छ
2;परिश्रम
1;एकता
1;मौरिमा
1;त्यागे
1;शोषण
1;फूलमा
1;भ्रमरालाई
2;शासन
2;दिँदै
1;दृष्टान्त
2;खोक्रा
2;भाषण
10;आफैँ
4;सुगन्ध
1;कस्तूरी
2;अल्मल
3;गर्दैछ
2;खल्बल
1;धनदौलतले
4;मानसम्मान
1;किन्दछ
1;सम्मानको
1;ठान्दछ
1;छिचोली
1;जन्तरे
1;बढ्नुछ
1;फोस्रो
1;सम्मानमा
3;शिखर
1;चढ्नुछ
1;खोलाजङ्घार
1;तर्नुछ
1;तान्ने
2;हान्ने
1;झार्नेको
1;भीडमा
1;बच्नुछ
2;धारिलो
4;छुरा
1;रामराम
1;जपे
1;पत्यार
2;चारै
2;धाम
1;घुमे
1;अहङ्कार
1;लुछालुछ
1;गोजी
2;ध्रुव
1;पचाउँदैन
1;देख्नै
2;सक्दैन
1;उचालेर
1;पछार्नेकै
1;तानाबुना
1;पदीय
4;मर्यादा
1;थेग्नै
2;सक्तैन
1;किन्चन
2;थुपारेर
1;खोज्दछ
1;उम्कन
1;झिम्क्याइ
1;हाँस्दछ
3;चस्मा
1;अरुकै
3;देख्छ
1;भन्दैन
2;सुन्दछ
1;जङ्गली
1;माकुरा
3;जालो
1;बुन्दछ
2;विष
3;विज्ञानको
10;ज्ञान
1;घोकेर
2;मभित्रको
5;अर्थ
1;बुझे
1;सार
1;ढाकर
1;भरीको
1;रिसराग
1;छलकपट
1;लोभलाभ
1;कोड्याइँ
2;घमण्ड
1;सुखशान्ति
4;समृद्धि
2;भलो
4;हिँड्छ
2;नराम्रो
1;हावाले
1;भ्याउन्जेल
1;उडाउँछ
5;बल
1;सकेसम्म
1;तुहाउँछ
5;असल
11;बन्न
5;खोज्छ
4;अरूलाई
1;सताएर
1;मानवसेवी
20;हुँ
1;मानवलाई
1;छक्क्याएर
1;गाउँछ
1;नचाउँदै
1;नाच्छ
2;ताल
1;मनमनै
1;सोच्छ
1;संसारभन्दा
3;मैँ
1;हर्ताकर्ता
3;भित्रका
16;हुन्छन्
1;तड्पिएर
1;कुहुन्छन्
1;बिचरालाई
1;असत्य
2;मरण
4;दैव
3;प्रकृति
9;भिन्न
1;सुनमा
2;छर्छ
1;छलेर
1;पलाशमा
3;बास्ना
2;भर्छ
1;जलथलनभ
3;सम्पत्ति
1;नरक
1;जानेको
2;आमाकै
1;गर्भबाट
1;जन्मेका
1;बुद्धी
1;भ्रष्ट
2;हिँड्छन्
1;चालमा
1;बिग्रिए
1;कुलतले
1;बेहालमा
1;जाँदैछ
1;ढल्छन्
1;रक्सि
3;पिएर
1;दुर्बल
2;भेटिन्छ
1;बाटातिर
2;हिँड्थे
1;सङ्गतमा
6;पहिले
1;बढ्दै
1;तल्तल
7;कैयौँ
3;फसेर
4;धेर
1;सकाउँछन्
2;दिनदिनै
2;खाए
1;नखाने
2;व्यर्थै
8;रूप
1;बिगारियो
1;अपचले
1;ल्याङ्ग्रा
1;लुरा
1;गुट्खा
1;पान
1;खैनिहरुमा
1;मान्दैन
1;गाँजा
1;भाङ
1;चुरोट
1;खाइ
1;मजले
2;मिल्छ
1;पाटी
8;होस्
4;अथवा
5;ठुला
1;बाङ्गा
1;हिँड्दछन्
1;आब्रुक
1;गुमाउन
3;पुगे
1;सत्धर्म
1;चिन्दछन्
2;अरूले
1;संस्कारको
1;भेट्छ
1;उडाइ
1;राख्दैन
1;ठूलै
1;बिगारे
1;चिम्म
1;दगुर्दछ
1;दुर्गति
1;मत्ता
1;हात्ति
1;भन्दैछ
2;हूँ
1;विर
2;कटक्क
3;सुन्दैन
1;डिस्को
1;हटेल
1;गाउँघरमा
1;दिन्दिन
1;आमाबाबु
1;रुहाइ
2;डुल्दै
1;हिनेको
1;भुल्भुल
1;उम्रिएर
1;सिरमा
1;बग्दैछ
1;उल्टा
1;जातिय
1;सकिए
1;ढल्ने
2;ऐले
1;अधिकारका
1;कुदी
1;कर्तव्य
1;बिर्सी
1;कुर्लेर
1;कुद्न
3;तत्पर
10;मान्छेहरू
1;फर्कन्छन्
1;ओखती
1;बुझिन्न
2;सद्भाव
1;देखिन्न
1;पूर्वेली
17;इतिहास
2;फर्कन्छ
1;फर्कन्न
4;हृदय
5;दिन्छु
4;चाहिन्छ
11;ता
2;मायाको
1;गर्भिणी
6;सकूँ
1;युगदेखि
1;युगसम्म
1;अन्त्यहीन
1;समयसम्म
1;रूपहरूसित
1;आँखाका
1;भाकाहरू
1;दिलका
2;भावहरू
2;पढ्न
5;प्रेमिल
1;आलापहरू
1;गुनगुनाउँदै
1;आपसमा
1;पोखिएर
1;तिमीबिना
1;बाचेको
1;आगमनको
1;सङ्केतले
1;आँधीहुरी
1;लरखराओस्
1;ढुकढुकी
1;भरभराओस्
5;कोमल
1;चञ्चल
2;तनमा
3;निश्चित
1;पाहुनाले
1;रातकी
2;रानी
1;निर्वस्त्र
1;घोलिन
7;औँला
1;माउस
8;निर्धक्क
2;बढ्छन्
5;अचानक
1;कर्सर
7;गुगल
3;सिमानाहरू
7;पार
2;सफल
1;अवतरण
3;हजारौँ
3;फाइलहरू
1;डाउनलोड
1;तेर्सिन्छन्
1;भयानक
1;स्वचालित
1;आत्मघातीका
1;टोप
1;गोलाबारुदको
1;मुस्लोले
2;दिशाहीन
1;रुमल्लिएका
1;सम्झौताहरू
1;युद्धविरामहरू
1;दस्ताबेजहरू
1;हस्ताक्षरहरू
1;शान्तिदूतहरू
4;तीन
1;पल्टँदै
8;जान्छन्
1;असङ्ख्य
1;इराकी
1;चीत्कारहरू
1;अफगानी
1;पुकारहरू
1;रोइरहेका
1;प्यालेस्टाइनी
2;बस्तीहरू
1;लिटल
1;ब्वाई
1;फ्याट
1;म्यानको
1;अणुले
1;जलेका
1;जापानी
1;आत्माहरूको
3;हाहाकार
1;गोला
1;बमले
1;चकनाचुर
1;तोराबोरा
2;पहाडहरू
1;भरिएका
1;समाचार
1;शीर्षकहरू
1;आपसी
3;आगोले
1;सल्किएका
1;रुवान्डा
1;हेइटीका
1;अनुहारले
1;गरिबीले
1;पिल्सिएका
1;अफ्रिकीहरूले
2;पल्टाउँदै
3;जान्छु
2;उति
4;युद्धले
1;पोतिएका
1;लेखिएका
1;इतिहासहरू
1;मितेरी
1;लाएका
1;जीवनहरू
1;जन्माएका
9;रगतले
1;मिसिसिपीहरू
1;सभ्यताका
1;खम्बाहरू
1;किंकर्तव्यविमूढ
2;पन्जाबाट
1;माउसको
1;बदल्छु
1;नोको
5;यसको
1;फुत्कन
1;विन्डोज
1;सट
2;डाउन
2;युगको
1;समाप्ति
4;हेर्दाहेर्दै
2;भरिन्छन्
1;पुरिन्छन्
4;आवाजले
1;घृणाले
3;भरिन्छ
1;समवेदनारिक्त
1;मिसिसिपी
1;अमाजोन
1;बाँडिनुभन्दा
6;गङ्गा
1;नाइल
1;छुटिनुभन्दा
1;एसिया
1;अफ्रिका
1;टाढिनुभन्दा
1;प्यासिफिक
1;एटलान्टिक
1;हराउनुभन्दा
1;पेन्टागोन
1;ताज
1;भत्किनुभन्दा
1;मिलाऊँ
7;हातहरू
1;जुधाऊँ
1;काँधहरू
1;टसाऊँ
1;तक्मा
1;छातीहरूको
1;अशान्ति
1;अविश्वासका
1;मेटाएर
1;खोजौँ
3;भय
1;मुक्त
1;धौ
8;पृथ्वी
1;लैजाऊ
6;पवन
1;कथन
1;सुस्तसुस्त
1;चलिजाऊ
2;ठेस
7;लाग्ने
4;शीतल
1;दिनू
4;नजिक
1;लुकी
1;बताऊ
7;मुटु
1;माझ
1;छिपाइराखी
1;हरबिहान
1;बस्छु
4;उसकै
1;जपी
1;दोबाटोमा
1;यादमा
1;सुनाऊ
4;सम्झना
1;प्यार
1;नसोचोस्
1;लाएँ
1;लात्ती
1;बिर्सेँ
1;पराइसँग
1;साटी
1;सुम्पिदेऊ
2;चोखो
1;भाकी
1;फर्किआऊ
1;जाहाँ
1;ताहाँ
3;जगत
1;बनियो
1;अती
1;भुँवरी
1;खनियो
1;निर्दोषी
1;मनुजहरू
3;रुन्छन्
1;दिनदिन
2;अकस्मात्
3;हा
3;निर्दयी
1;विनाशी
1;कोरोना
1;भईकन
1;नामकरण
8;उनै
2;ईश्वर
1;जानुन्
1;जता
1;फर्क्यो
22;सारा
4;त्रसित
1;पुकार्दैछन्
1;तड्पी
10;जसरी
6;हुँदो
1;दैविक
9;बनी
1;संयम्
2;स्तुति
1;दिनेथ्यौं
1;शुभमति
2;बन्थ्यो
1;सुदिन
3;कला
3;आत्माले
2;रहिकन
1;भला
1;चर्क्यो
1;कठिनसॅंगले
3;श्वास
1;भरिने
1;क्षणपछि
1;मरिने
3;बिन्ती
2;कुशल
2;वैद्य
1;दिवाकरमा
4;भर्छन्
1;जुट्छन्
1;हरघडी
1;सेवक
4;चाँडै
1;भनिकन
3;औषधि
1;मलम्
2;पट्टी
1;विपद
1;घडिका
2;दुखि
2;नमन्
1;भुवन
1;भरका
1;देवजनको
1;विपत्तीको
1;मृत्युसॅंग
1;लडी
1;दिई
1;नौलोपन
1;थपिन
2;सुखी
1;हृदयका
1;जाओस्
1;सुजनहरूको
3;तनमन
23;कोही
1;घरजन
1;छुटे
1;सन्तति
2;घातक
2;सङ्कट
1;जैले
1;नबन्नु
1;विचलित
3;खुसीले
1;बोल्दीनू
1;मनहृदय
2;सबसित
1;सहाराको
1;झोली
1;भरिकन
1;दिनेछन्
1;गुणी
4;जन
1;मृदुलभाषी
5;धनी
2;नित्यै
2;वेद
1;पठन
2;हित
1;रोगी
1;मन्मा
1;अमृतमय
1;भरौँ
11;डाक्टर
1;वचनले
2;यै
1;धन्य
1;परमहित
2;अहोरात्र
5;तिनको
5;अविरल
1;पुगोस्
1;दिवंगत
1;आत्माको
2;चिर
7;दिव्य
1;गमन
2;दिएँ
1;भावुक
2;वचन
2;श्रद्धाञ्जली
3;बन्दुक
1;पड्केपछि
1;रमाउँछ
1;उग्र
1;राष्ट्रवादको
1;ओकलेपछि
1;राष्ट्रिय
1;खुसीयालीको
1;हुन्डरी
1;चाबुक
1;हानेपछि
2;लुरू
1;वायु
1;ब्यारेकमा
4;बुट
1;बजेपछि
1;चर्किन्छ
2;कोलाहल
1;चावासुमको
1;पुल्ठो
1;झोसेपछि
1;मौनतामा
1;डुब्छ
2;मानवता
1;सयपत्रीमाथि
1;बजारेपछि
1;जल्छन्
1;स्वाभिमानहरू
1;सत्ताले
1;क्रूरता
1;उगेलेपछि
1;मच्चिन्छहिंसाको
1;ज्वारभाटा
3;शान्तिको
8;टाउकोमा
2;बम
1;वर्षाएपछि
2;रक्ताम्मे
4;बग्छन्
1;नदीनालाहरू
2;जनताको
1;रगतमा
1;होली
1;खेलेपछि
1;निर्जन
2;बन्छन्
1;सहरहरू
1;वासनाका
1;ओठबाट
3;विषालु
2;राल
1;झरेपछि
1;लुटिन्छन्
1;दहडै
1;निर्माया
1;लच्छीहरू
3;जताततै
1;सुनिन्छबलात्कारका
2;चित्कारहरू
2;निर्भय
1;डुल्छन्
1;मानवताका
1;भक्षकहरू
1;सिंहासनको
2;गर्जन
1;सुनेपछि
1;दानवताको
1;महोत्सव
1;चीरहरण
2;चिच्याहट
5;हत्या
1;हिंसाहरू
1;सरकार
2;गङ्गे
1;स्वर्गदेखि
1;तिमिले
7;आएर
3;मुक्ति
6;दर्शन
1;यात्रि
2;जनले
2;गोता
1;फिर्दामा
2;सम्झने
1;बखत्
1;मुक्ती
2;दूर
1;राष्ट्रहरूमा
1;मातृ
1;प्रातः
3;उठेर
1;स्नान
1;गरिँदा
1;पाप्
1;नाशने
1;जै
1;पूर्वजादि
1;मुनिले
10;तिम्रै
1;शरण्मा
1;पुकार
1;संसारकी
2;झर्ना
5;पहाडको
1;सर्वत्र
1;ढाकीकन
1;झर्यौ
1;भूमितलमा
8;देखेर
2;ताप
5;पर्यो
1;सगरमा
1;भगीरथ्
1;सँग
4;आयौ
1;श्री
1;शिवका
1;शिरोपर
1;भागीरथी
2;भैकन
1;प्यासी
2;बुझाउने
2;तरहले
1;निस्की
1;अनेक्
1;धाममा
1;इच्छापूर्ण
1;फिर्छ
4;पाएर
2;सान्त्वना
1;शक्ती
2;भारतको
4;भित्री
5;खातिर
3;राख्न
1;नरको
1;लज्जाको
1;रत्ति
1;दुर्गन्ध
3;उल्टो
4;पाप
2;पखाली
2;शुद्ध
2;गतिले
1;बग्छ्यौ
1;सल्सल
1;टुङ्गिँदैन
3;बिचमा
1;जान्छ्यौ
1;ऋषि
2;मन्त्र
2;सिद्ध
1;तटमा
1;आदर
1;गर्छू
1;त्यस्लाई
1;पापै
1;गरोस्ता
1;बिचारी
2;मात
1;सुत
1;भन्नेलाई
1;सरक्क
1;दान
1;हुन्छ्यौ
1;स्वर्गैमा
1;मिलिजुली
1;भजन्
2;गर्दछन्
1;आनन्दमा
2;पर्दछन्
1;देवी
3;तेज
1;बलले
1;पृथ्वीतल
1;नौकासरि
2;लियौ
7;गौरव
1;नीलो
1;रड्ड
2;धार
2;धारा
1;प्रवाहीतको
1;नौका
2;चालक
1;बुद्धिजनले
1;चर्चा
2;धर्मको
1;हंस
1;ढलक्क
1;तीरतलमा
4;शोभा
1;ब्रह्माण्डको
1;टल्कन्छन्
1;मोतीझैँ
1;किरणले
1;मध्यान्हमा
1;टल्टल
1;जोजस्ता
1;जतिमस्त
1;स्नानादिका
1;जैजैकार
1;इ
1;झट्टै
1;लोक
1;महँगो
1;किनेको
1;ढाका
4;टोपी
1;पूर्वजहरूको
1;चिनो
2;कृपया
16;नेपाली
1;फुकाऊ
1;नभन
3;अपरिचित
1;नगन
1;अग्रज
2;नेपालीत्व
1;लिएरै
6;मरे
2;भावी
1;पिँडीलाई
2;भरे
1;नेपालीबिच
1;बचाउनै
4;महत्त्व
2;काखमा
1;बस्नेलाई
1;छलिएर
1;चिच्याउँदा
1;पागल
1;नरोप
1;स्वामित्व
1;दाजुभाइ
1;कागजातमा
1;झल्किन्छन्
5;भेष
1;भन्नलाई
1;संस्कृतिभाषा
2;गौरवशाली
1;चिन्दछ
1;दुर्नाम
1;चलाए
1;जोगिँदैनौ
1;भन्दैमा
2;फेरिँदैन
1;बन्दैमा
1;जलनमा
1;वेदनाको
2;रापमा
1;वहमा
1;प्रेमील
1;आलिङ्गनको
1;न्यानोपनमा
1;मिलनको
1;उल्लासमा
7;जीवनका
1;हिम
1;ढिक्काहरू
1;पग्लँदा
1;बहन्छ
1;उदेकको
7;नाता
1;जीवनसँग
4;जोडेर
2;हरपल
1;जीवनभर
1;रहेर
1;विजयी
1;घडीमा
1;प्रियजनको
1;बसाई
2;हिमनदी
2;खहरे
1;क्षणिक
1;तलाउको
3;निर्मल
2;अविचलित
2;जल
2;आकारमा
1;निर्झर
2;झर्दै
1;परेलीको
1;मुहानबाट
13;छातीमा
1;खस्दा
2;वेदनाका
1;छालहरू
1;हुत्तिन्छन्
1;ज्वालामुखीका
2;लाभा
1;जलाएर
2;भक्कानो
2;गह
2;यत्ति
2;गहिरो
1;मरियाना
1;ट्रेन्च
1;नुनिलो
1;जलधि
1;उदाहरणीय
1;अहारिसे
1;छिमेकीले
1;बिखै
1;घोली
4;दियो
4;भनौँ
1;विवेकरहित
1;दुर्बुद्धिले
1;पिसिएका
2;सान्निध्य
1;चाहेको
2;हुँला
8;काँडाघारी
8;परिसक्यो
8;कुचो
8;लाऊ
8;नलाऊ
8;कटुसका
10;काँडा
9;पैतालाले
8;चिनिसक्यो
5;तातो
2;फिलुङ्गो
1;मुस्काएको
1;चितामा
2;पिसोल्टिएर
1;फर्किआएको
1;भाग्यले
1;मैसँग
1;कुक्कु
2;खेलेको
4;सयौँ
12;पटक
1;धाकधक्कु
1;लाएको
1;ओछ्याउँदैमा
2;असजिलो
1;पोखरीमा
2;जमेको
1;गतिमान्
1;प्रणय
1;विकसित
2;नहुँदै
2;अवरोध
1;निर्ममता
4;ममता
3;खोज्नु
1;नियति
1;चिहान
2;बनाऊ
1;बस्तीभरि
1;गिद्धका
1;बसेरा
1;ठड्याऊ
1;टोर्नेडोलाई
3;चिरेर
4;जान
6;सक्ने
1;हत्केलामा
1;बोकिहिँड्ने
1;समसेर
1;रोक्छौ
1;कुत्सित
1;जालोले
1;रोक
3;सक्छौ
2;आँधीको
1;बिजुलीलाई
1;छेक
1;मचाहिँ
1;अवरोधलाई
1;पन्छाएर
1;ठुङ्नेछु
1;दुष्ट
1;टाउकामा
1;बञ्चरो
1;उध्याएर
1;निमोठेर
2;काँडाको
2;धराप
2;थाप्छौ
1;थाप्नुपर्ने
1;थाप्लामा
1;धरापले
1;तिखा
1;मठुर्नेछन्
1;धरापका
1;खसेर
1;भकुर्नेछन्
2;फूलको
1;इन्द्रेणीमा
1;रङ
1;बोध
1;राख
1;बेफ्वाँकको
1;हास्यास्पद
1;निर्णय
1;पस्ने
1;अवरोधले
1;बारीमा
1;फुलिरहे
2;बदल्न
3;नसकिने
1;प्रकृतिमा
1;भ्रमरा
1;झुलिरहे
1;हत्केलाले
3;सूर्य
1;छेक्न
1;पर्ला
1;प्यारे
2;प्रेमका
1;तानासाह
2;हारे
10;उभिएर
3;भोगाइ
2;सङ्घर्षको
2;आँधीले
1;भइसकेछ
1;तै
2;अपुरो
5;सङ्घर्ष
3;गुलाब
1;टिप्दा
1;काँडाहरूले
1;घोच्नु
4;त्यति
1;अथक
1;लग्थ्यो
1;सङ्घर्षलाई
1;सोचाइ
1;भावनाहरू
2;निरर्थक
17;जीवनको
1;अवस्थामा
2;लक्ष्यसम्म
1;पुग्दिन
2;कताकता
2;त्रासको
2;खान्छ
1;निडर
1;कर्तव्यमा
1;पर्
3;तेरो
2;शब्दकोशमा
1;नौला
1;सङ्कल्पहरू
1;बिचारहरू
1;बाटाहरूको
2;मस्तिष्कमा
1;हेर्दामा
9;कलम
1;लर्तरो
1;होचो
1;घुमाउँछ
1;बस्छ
1;सटको
1;टाँक
1;सजाउँछु
1;गोजीमा
1;टाँसेँ
3;उत्तिकै
1;रमाउँछु
2;आकार
1;हल्का
2;बोक्न
1;नबोक्ने
1;साथमा
1;क्यै
3;नपर्ने
4;बढ्छ
2;धन
1;नचाइने
1;त्यसै
1;सानुमा
4;हातले
2;चलायो
1;औँलाले
1;च्याप्छ
2;कागज
5;अक्षर
1;चलेको
6;देख्दा
1;रमायो
7;बोली
1;बोल्दछ
1;गोलीलेभन्दा
1;भरपर्दो
4;कलमले
2;गर्दछ
1;मुस्किलले
1;थमाई
1;जोडेको
1;सन्धि
2;गोलीले
2;तोड्दछ
2;कामलाई
7;सम्बन्ध
2;जोड्दछ
1;बलकोभन्दा
2;तागत
2;तेजिलो
2;ल्याई
1;पहिलेको
1;शान्तिकोलागि
1;विकाश
3;गरिबी
1;घेरा
1;यसैले
4;स्कुल
1;देखाउँछ
2;शिक्षाको
1;लेखाउँछ
1;लाउन
2;झुपडी
1;यतिले
1;पुग्दैन
1;यापन
1;लुक्दैन
4;शिक्षा
1;हटाउने
1;जगाउँछ
1;जगतलाई
2;विश्वलाई
1;चिनाउने
4;भूटान
2;भारत
5;नेपाल
1;अस्ट्रेलियासम्मको
2;लामो
4;यात्राको
3;अथाह
1;थकान
2;मार्न
1;ओभलको
1;प्राङ्गणमा
1;बजारलाई
1;मरेतुल्य
1;यात्राहरूपछि
2;मैदानमा
10;पुग्छु
2;आउनेजाने
3;क्रम
2;जारी
4;भिडमा
5;एक्लो
2;पाउँछु
1;मरुभूमि
1;बिचको
1;भ्यागुते
1;कुवामा
1;सङ्घर्षरत
6;बाँच्न
1;खोजिरहँदा
1;अँजुली
1;कोनि
1;रित्तै
2;गरिरहेछु
1;उमङ्गलाई
2;मरुभूमिमा
1;रोपिरहेछु
1;उमङ्गका
1;पखेटालाई
1;धागोले
1;गाँसेर
2;जिउन
6;खोजिरहेछु
1;थकानपछिको
1;मेट्नलाई
3;मरुभूमिको
1;गर्नलाई
1;व्यथाका
1;असम्भावित
1;अनुरोध
1;कुवा
1;सङ्घर्षमा
2;यात्री
1;पिलाएर
1;दुरीसम्म
3;देऊ
9;मान्छेको
5;धमिलो
13;खोलाको
1;उर्लेर
8;बग्ने
1;भेल
7;कहिलेकाहीँ
1;स्वच्छन्द
1;बाडी
1;भत्काउन
1;पुर्न
7;सक्छ
3;बाँध
4;बुलन्द
4;थर्काउँछ
4;सेरोफेरो
1;उन्मादको
7;झरी
4;लागेसम्म
1;अनपेक्षित
1;अन्तस्तललाई
1;खोल्न
2;खोतल्न
1;क्लेश
1;द्वेषलाई
1;एकआपसमा
1;अक्षुण्ण
1;जुधाएर
1;आवेगको
1;सतह
1;किनारामा
2;अवस्थित
1;संवेदना
1;थुम्काहरूलाई
1;स्नेहको
1;छालले
2;घरीघरी
1;चुम्छ
1;अनुरागको
1;भँगालिएर
1;छोड्दै
6;जान्छ
2;बाटोको
5;यादहरू
1;समेटिएर
1;मनदेखि
1;मनहरूसम्म
1;पुग्नलाई
1;प्रस्थान
2;बन्दी
1;अखबारको
2;आँगन
2;गुगलको
2;गाउँसम्म
1;उदांगिएको
5;अनुहारमा
3;पोखिएको
1;आरोपहरूको
1;औँसी
1;पिरामिडझैँ
1;उभिएका
1;उजुरी
2;प्रश्नै
1;तीरझैँ
1;आएका
3;प्रहरी
1;प्रशासन
1;थापेर
1;चट्टानझैँ
7;उभिएको
1;भिजेर
1;लाललाल
14;शरीर
1;मुड्कीले
1;रोटीझैँ
1;फुल्लिएर
2;चेहरा
1;एकाध
4;पन्नामा
1;हनाइयो
1;अन्धाधुन्ध
1;स्विकार्दै
3;अपराधी
1;अभियोग
1;हिरासतबाट
3;बनाइयो
1;खुँखार
1;चलाइयो
1;मुद्दा
1;सूचना
1;पक्राउ
1;पुर्जी
1;गिरोह
1;आतंकारी
1;भ्यानबाटै
1;हुत्त्याइयो
1;कैदकक्षमा
1;उफार्दै
1;उपियाँ
5;रातभर
1;टोकाइयो
1;गलामै
1;रेटियो
1;शासकहरूलाई
1;छाडा
1;ढोकामा
1;तरबारझैँ
1;उभिए
1;न्यायालय
2;आत्महत्या
1;उकास्दै
3;आए
1;सुरक्षालय
2;मृत्यु
1;अलाप्दै
1;आपत्ति
1;सजाय
1;फलाक्दै
1;बकपत्र
1;थुनछेक
1;इजलासमै
2;भेटाएको
1;पुर्पक्षको
3;आँधी
3;पठाएको
1;कारागार
1;जिन्दगीले
2;बाटैमा
11;हराएको
1;धरौटी
1;अदालतमै
1;गुमाएको
3;उज्यालो
1;फैसलामा
2;आजीवन
1;कारागारको
2;दण्ड
1;भेटाएर
2;गुमनाम
10;भएका
1;जिजीविषाहरू
1;न्यायाधीश
2;नाक
1;बर्साउँछ
1;सुकुम्वासी
1;हरण
1;अदालतले
1;जफत
1;मेहनतले
1;जिन्सी
1;कारागारमै
1;सुनाइयो
1;सुसाइडल
1;नोट
1;देखाइयो
2;कुमारी
2;बहिनीको
1;अपहरण
1;डल्लै
1;फिरौती
1;माग्दै
1;ब्ल्याकमेलिस्टका
1;हुलहरू
2;कारागारमा
4;फूलहरू
1;झरीले
1;ठटाएको
1;कर्कटपाताझैँ
1;गल्लीमा
1;हल्ला
1;मच्चाउँथे
1;क्याबिनमा
1;यौवन
1;किनेझैँ
1;खुलेआम
1;किन्दथे
1;तनाव
4;छाडेर
2;अस्ताउँथ्यो
1;गोधुली
7;वर्तमान
1;बिथोल्थ्यो
1;बिगार्थ्यो
1;प्रियशीले
2;हिक्
1;बाडुली
1;हराएझैँ
1;हराउँथ्यो
1;भीडहरूमा
1;साथीहरूको
1;हृदयमा
2;सहानुभूति
1;प्रियजनहरू
1;बेखवर
2;बेखबर
6;दुनियाँको
1;असली
6;अनुहार
1;भेट्टाएको
3;पीडाको
2;पर्वत
1;छापामार
1;पूर्णिमाको
1;अगाडिको
7;बलेँसीमा
1;मध्यरातको
1;जून
2;हेर्छ
7;ढोका
1;सधैँको
1;सम्भवतः
1;खुल्दैन
1;भावको
2;गहिराइमा
1;सामुन्ने
6;उभिन्छु
3;विपरीत
1;लक्षित
2;प्रकाशमा
1;खुलिसकेको
3;कुन्नि
1;बरबराउँदै
3;लाग्छु
2;दृश्य
2;आँखाले
1;नदेख्दो
1;नटिप्दो
1;छटपटाउनु
1;बेचैन
1;थप
1;तड्पनु
5;त्यहाँको
5;परिवेश
1;बदल्दै
2;आँखाको
1;फुकालिदिन्छु
1;आकाशतर्फ
2;इसारा
3;हँ
1;मिच्छ
1;पूर्वकै
1;पछ्याउँदो
3;रहेछु
3;हार
1;गुहार
2;गर्नुहोस्
1;बगाउनुहोस्
1;चिच्याउनुहोस्
1;कराउनुहोस्
3;गुनासो
2;काफी
4;तपाईँ
1;सुनाउनुहोस्
1;नसुने
1;देखाउनुहोस्
1;नदेखेझैँ
5;तपाईँको
1;काखहरूमा
1;पौडिने
1;अँगालोहरूमा
1;बेरिने
4;खेल्ने
2;बेलाका
4;बिपना
2;भाग्यमानी
2;अधुरा
1;धड्किने
1;धुनहरूमा
1;निदाएझैँ
3;बहाना
2;काँधमा
1;ठुँग
1;घुर्क्याउने
1;दंग्याउने
1;जिस्काउने
1;बालापनमा
7;सकिन
1;घोचेकोथ्यो
1;पाउनबाट
2;ठगिएको
1;जबरजस्ती
1;टुटाइएको
1;काण्ड
1;दोहोर्याउन
4;सन्ततिलाई
1;रुवाउन
4;तपाईँले
1;छुट्ट्याउन
2;भगवान
1;चिन्न
2;गर्व
2;तपाई
1;निर्दोष
2;खोल
1;ओढाउन
4;चाहन्न
2;सुनाउनु
1;गराउनु
6;सक्दिन
1;बन्नै
2;तपाईँलाई
2;कतिको
1;हजुरबाको
2;साह्रै
2;हजुरबाले
1;परैबाट
1;चियाउनु
2;वहाँको
1;आँखाभित्र
2;प्रस्ट
1;देख्थेँ
1;वहाँका
1;सुमसुम्याइरहेको
1;भेट्थेँ
1;बोलाइरहेको
1;सुन्थेँ
1;तपाईँकै
1;वहाँ
5;क्षण
2;वहाँसँग
2;बिताउन
1;सबैका
1;नातिनीहरू
1;हजुरबासँग
1;रमाउँदा
1;बाधक
1;जतिको
1;अभागी
1;सम्झनै
1;गरिदिनुहोस्
1;देखाएको
1;सक्दिनँ
1;आवेगमा
1;गल्ती
1;गर्नुहोला
1;चित्त
1;दुख्छ
3;दुख्यो
3;पोखियो
4;शब्दहरू
1;थाम्न
2;फुट्यो
1;रोक्न
2;जानुहोस्
4;नाति
1;पर्खिरहेको
3;कै
1;हेरिरहेको
1;कहाँकहाँ
6;नाना
1;थरीका
1;स्पष्ट
3;गफ
1;छाटेँ
1;गाएँ
1;बाचेँ
1;भएकोनभएको
1;मिलाईकन
1;समेटेँ
1;रङ्गमञ्चमा
3;नाटक
1;शेक्सपियर
1;मार्लोको
1;गुनगुनाएँ
1;तनावमा
1;मुरमुराएँ
1;खरीपाटी
1;मार्कर
1;कापीहरू
1;समातेँ
1;सूत्रहरू
1;सम्बन्धहरूको
1;बथानमा
1;हालेँ
1;रसायनहरू
3;भौतिक
1;उपकरणहरूसँग
1;तिनीहरूको
5;बारेमा
1;अलापेँ
1;विद्युत
1;जडानदेखि
1;डिजाइन
1;कम्प्युटरको
1;प्रोग्रामिंग
1;भाषाहरूलाई
1;एकएक
3;सम्हालेँ
1;ठट्टा
1;हसाएँ
1;प्रशासक
1;हुनसम्म
2;भ्याएँ
1;समयानुसार
1;अनुशासनानुसार
3;बुझाएँ
1;तर्क
1;विवादहरूको
1;पैरोमा
1;उभिएँ
2;चट्टान
2;प्रकोप
1;हुनबाट
1;जोगाएँ
1;ढङ्गको
1;कर्तव्यहरू
2;प्रशस्त
1;तर्कहरू
1;जगाएँ
1;जन्ममरणको
1;कार्यक्रमहरू
1;परिवारको
1;खट्पटिमा
1;उभ्याएँ
1;क्षणलाई
1;हराएँ
1;बिमारीको
1;सिकिस्तपनलाई
2;अङ्गालेँ
1;सन्ततिहरूलाई
1;उपदेश
1;फलाकेँ
2;रोपेँ
1;फुलाएँ
1;बाँडेँ
1;लगाइदिएँ
4;रङ्गिन
1;सजाएँ
1;अनावश्यक
2;जमाइदिएँ
2;अरूमा
1;कदरको
1;रोपिदिएँ
1;प्रीतको
1;तृष्णा
1;मेटाइदिएँ
7;भविष्य
1;बनाइदिएँ
1;अरूकैलागि
1;खानुसम्म
1;खाएँ
1;धेरैको
1;अम्मल
1;तसर्थ
1;नखाँदा
1;नरमाएँ
1;आफैलाई
2;खाइनँ
1;तुफानी
1;यात्राहरूलाई
2;सत्यतालाई
1;रसहरू
1;बगाएँ
1;हाँसेँ
3;यसै
3;मनलाई
1;धेरैपल्ट
1;धोएँ
4;फुकोसीमा
3;दुखेको
1;नकराऊ
1;नचिच्याऊ
1;नगर
1;नउर्ल
1;कसैसँग
1;विकिरण
1;नफाल
3;वायुमण्डलमा
1;सभ्यतालाई
1;नपार
3;यतिखेर
1;एकलो
4;दुनियाँमा
1;लिविया
1;इराक
1;अफगानिस्तान
1;ओमन
1;बहराइन
1;दुखिरहेका
1;तानासाहको
1;उन्मुक्तिको
1;घन्काउँदै
1;फरफराउँदै
1;उठिरहेका
3;गोली
1;बारुद
1;बमको
1;निसाना
1;बनिरहेछन्
5;लासको
13;पहाड
3;उठेको
3;त्योभन्दा
1;स्वतन्त्रका
12;नाममा
1;उन्मुक्तिका
1;भागाभाग
1;गोलाबारुद
1;मिसाइलहरूका
1;हुङ्कारहरू
2;युगौँ
1;अघिदेखिको
1;भागिरहेछन्
1;क्षतविक्षत
2;मान्छु
2;अरूकोभन्दा
1;बढ्ता
1;सुनामीको
1;त्रासदीका
1;प्रविधि
2;जाँगर
2;आर्जेको
1;प्रमाणपत्र
1;डस्विनमा
1;हुत्त्याएर
2;गुलाम
1;ढिलै
1;मण्डेला
1;गान्धी
1;मार्क्स
1;लेनिनका
1;अनुयायीहरू
2;जन्मँदै
1;वर्षौदेखिको
1;निरङ्कुशता
1;ढाल्न
1;तानासाहहरूको
1;साख
2;झार्न
1;यद्यपि
1;पारिदियो
1;नचाहँदानचाहँदै
4;हामीले
1;ज्योतिमा
2;मानवीय
1;समस्याको
3;समाधान
1;सहायताका
1;खानका
1;धरो
1;कपडाका
4;सुख
1;प्राप्तिको
1;महत्त्वाकाङ्क्षाका
2;परन्तु
2;आणविक
1;ऊर्जा
1;टार्ने
3;साहस
1;इच्छाशक्तिलाई
3;गर्दछु
1;विपत्तिमा
1;प्रकट
2;सरर
2;कोर्दै
3;लेख्न
2;फरर
1;जेलको
2;हरर
1;फुर्न
1;दुर्गुणीको
1;मुहार
2;टक
1;टकगर्दै
1;जेलभित्र
2;छिछिछि
1;कुट्दथ्यो
1;हाय
2;मित्र
3;टन
1;बाँधी
1;हातखुट्टा
2;टुलुलु
1;हेर्थ्यो
1;आफु
2;तरर
1;बग्दथे
1;आँसुधारा
1;झटपट
4;गरि
1;हान्दथ्यो
2;गलल
1;हाँस्दथ्यो
2;घुमेर
1;पर्दै
1;पन्छिने
1;खपन
2;ढाड
1;कुटेर
4;थर
2;काँप्दै
1;मर्न
1;लडेर
2;चिरिरि
1;विनति
1;हेर्नोस्
5;कसुर
1;कटकटकट
1;किट्न
1;थाल्छ
2;दाह्रा
3;बर
1;ङोलोप
1;गजब
1;सबलाई
1;घायल्
1;गलित
2;पार्दै
2;थुनेर
2;परिचय
1;बिर्सनलाई
4;परिवर्तन
1;आएछन्
1;सम्बन्धमै
1;छर्ने
1;घुमी
1;जगत्
1;फिरेँ
5;भोकै
1;दुब्लै
1;हाहाकारमा
2;मागी
6;शैय्यामा
6;छटपटाइरहेछ
10;प्रिय
8;बेलडाँगी
1;घटेछ
2;वितृष्णा
2;बढे
3;रिस
3;क्रोध
1;पश्चात्तापमा
1;फलाकिने
1;अङ्कुराउने
1;नैराश्यमा
2;प्रस्फुटन
3;साहित्य
1;मौलाएको
1;भण्डारण
2;हुँदैछन्
2;नअटाउने
1;अप्रिय
1;ओकल्दै
3;लम्पसार
3;सभ्यताको
2;जातिको
1;चटपटाइरहेछ
1;बेतुकका
1;सलामीहरू
2;मलामीहरू
2;चिता
1;झोस्ने
1;क्यमोफ्लेज
1;खागी
1;सुर्जेको
1;सिँचिएको
1;दीक्षित
4;मारेको
1;दहभरि
1;फुलेन
3;कमल
1;उडेन
1;कलरव
1;मृगहरू
1;ओरालो
1;देशप्रेमी
1;एकलव्यहरू
2;मूर्ख
1;ठहरे
1;अन्यायका
1;सुके
1;वेदना
1;सङ्घर्षी
1;बहिस्कृत
1;जन्तीहरू
1;मानोको
1;छानोको
1;दिनेहरू
1;ठग
1;लिनेहरू
1;लोभी
1;आशालाग्दा
1;कर्णधार
3;अर्कै
1;मुलुक
1;चलान
1;रच्नेहरू
3;लक्ष्य
1;पलायन
1;वृद्धवृद्धा
4;क्षितिजमा
1;टाँगी
1;कुण्डलिनी
1;नजागेको
1;योगी
1;एकान्तमा
1;छोडिएको
1;कुष्ठरोगी
1;पसारेको
1;पसारेकै
4;सिर्फ
2;बाँच्नको
1;जोत्छ
1;रोप्छ
2;मलजल
3;गोडमेल
1;काट्छ
1;चाख्छ
1;नुवागी
2;दीन
1;दयामै
1;बाँचेर
1;भोगी
1;एक्कै
7;चोटि
3;रिसाएर
2;गर्जिन
2;ड्रागन
1;स्तब्ध
1;तोड्दै
1;रोकियो
3;एक्कासि
2;ठिङ्ग
1;सुसाउने
1;अलमल्ल
2;चिर्दै
2;बिजुली
1;फार्दै
8;धर्ती
2;चिर्ने
3;चट्याङ
1;वाक्य
2;बस्यो
1;घट्यो
1;रुखरुख
2;उडी
1;गाउने
1;लाँचे
1;सातो
2;उड्यो
1;चेप्टे
2;तबल
1;उद्याउने
2;किसान
1;नाडी
1;चलेन
1;उठेन
1;भयावह
1;झन्नै
1;उमङ्ग
1;बढ्यो
1;देखाऊ
2;हरित
1;सिमाङ्कन
1;उजाड
1;देशप्रेमीका
1;रक्तले
1;द्रवित
1;धर्तीले
2;उकुसमुकुस
1;पीडाहरू
1;ज्वालामुखीको
1;प्रसव
2;वेदनामा
1;व्यथित
1;छतर
1;डकार्छौ
1;सन्तुष्टिको
2;आलाप
4;ग्रस
4;नेसनल
4;ह्यापिनेस
1;चाउरिएका
1;गालाहरू
1;बुम्थांग
1;टासिगांगका
1;कन्दराहरूमा
2;भोका
3;नाङ्गा
3;सिँगान
1;पुछेको
1;लागेमा
1;कटकटिएका
1;पाप्राहरू
2;लिएका
2;भनाउँदा
1;रैतीहरू
1;रोएका
1;छन्अरूको
2;कुरै
1;छोड
4;बराबर
1;मजदुरहरूको
1;चाटेर
1;कीर्नो
1;मोटाएका
1;प्यान्टे
1;भुँडी
1;हल्लाउँदै
1;स्वघोषित
1;मुकुट
3;भिरेर
6;सबैभन्दा
5;स्वच्छ
1;रोल
1;मोडल
2;धिक्कार
1;हुँकारलाई
1;गरिबको
1;समाधिबाट
1;उम्रिएको
1;दादागिरीलाई
1;खोर
4;भित्रको
1;जनचित्कारबाट
1;टुसाएको
1;मरीचिकामा
1;उदांगीए
1;बक्खु
1;लुकाएको
1;एकाबिहानै
1;रिमरिम
1;उज्यालोमा
3;परेर
1;बाध्यताले
1;न्यानोन्यानो
1;सिरकको
1;नरमनरम
1;वासना
1;चटक्क
1;उठ्नै
3;झ्यालबाट
1;एकतमासले
1;दौडिरहेको
3;सडकमा
1;हरिया
4;आआफ्नै
1;दौड
1;धूपमा
6;देखिन्छन्
1;पर्खाई
14;पाँच
9;सय
2;पच्चिसको
1;काँचको
1;नियाल्छु
5;रुख
1;झार
13;माटो
3;सडक
1;कालोपत्र
1;पाताल
4;साधारण
2;हुनेछन्
1;पच्चिस
3;सम्पूर्ण
1;जनसङ्ख्याले
1;पच्चीसले
1;कोर्ने
1;फोर्ने
1;गन्तव्यमा
1;पुर्याएर
1;छोड्छ
2;कोर्न
1;विवश
2;देख्छन्
1;खेल
1;क्रीडालाई
2;उच्छृङ्खल
1;ठान्ने
1;मेरालागि
2;भन्नेमा
1;अनविज्ञ
1;सहपाठी
1;सहचारी
1;सहहितको
1;भौँतारिएको
1;छेवैबाट
1;बुझ्ने
1;स्रष्टाहरू
1;समयकालागि
1;सामीप्यता
1;सहचारिता
5;यिनै
1;स्रष्टाहरूले
1;सिकायतको
1;व्याकरणसहित
1;कोण
1;नमिलेको
1;भविष्यवाणी
1;गहभरि
2;पढेको
2;लाचार
1;पच्चिसमा
1;सुविचारहरूलाई
1;पाइतालामा
1;कुल्चिएर
1;धरातल
1;नाप्न
13;खोज्छु
2;ताराहरू
5;घाम
1;डुबेर
2;अलकत्रा
1;पोतेझैँ
1;चमक
1;उत्रेर
1;आउला
1;आवाजभित्र
1;सक्कली
1;लागिपरेको
1;कपासका
1;त्यान्द्रा
7;भन्दा
1;हलुका
1;अन्तर्निहित
1;आकाङ्क्षाहरूलाई
4;जीवित
1;जुनसुकै
1;कुरालाई
2;तिखो
1;बाँडको
2;हौसला
2;दिनेहरूलाई
1;सोचेजस्तो
6;पटक्कै
2;दरिलो
1;विश्वासको
2;पर्खाल
2;पच्चीसमा
1;अग्निपरीक्षा
1;पुनर्निर्माणमा
2;निस्स्वार्थ
4;पानीको
2;फोका
1;पारदर्शी
1;हातेमालोको
3;खाँचो
1;हौसलाको
1;प्रकाशको
5;सही
1;गराओस्
1;नर्वेको
1;रसरङ्गरूप
2;रसिलो
1;जतै
2;झल्मल
1;वृक्षैरङ्रङका
1;पहाडहरु
1;नित्य
1;हँसिलो
3;मस्तिष्क
1;श्रम्
1;कारखाना
1;सुररसिला
1;प्रजाहरुका
1;सत्तामा
1;रमेर
1;विधिको
1;स्वाराज
5;थरी
1;दक्षिण्देखि
1;उत्तरतिरै
1;पोखरी
1;घेरेको
1;समुद्रले
1;टुकुरा
1;त्यस्माथि
1;प्रतिविम्ब
2;हिमको
1;छेमाससम्म
1;दण्डित्
1;बाँच्नु
1;वृक्षै
1;पशुले
1;वर्षीँदा
1;रसमा
1;मूनाहरु
1;मर्दछन्
1;जाम्दछ
1;काँच
1;मुर्छा
1;पंक्षी
2;औ
1;पशुको
1;विहालत
1;वृक्षैहरुको
5;पत्ता
1;झर्दछ
1;शुन्य
1;रुखमहाँ
3;जीवनी
1;झूप्राको
2;भव्य
1;महलै
3;बत्ती
1;हजारौं
1;बली
2;देशै
1;फूलहरुले
1;राष्ट्र
1;यसमा
1;जाजातको
1;धातूले
1;परिपुर्ण
3;प्रकृतिको
1;देन
1;वर्दानयो
1;तोडी
1;शैल
1;गतिला
1;सुरुङ
1;बत्तीले
1;पारि
1;गुड्दो
1;मुनि
1;खानी
1;तेल
1;सून
1;ग्यासहरुले
1;धप्धप्
1;बखान
1;गरियो
1;कर्मभूमीमहाँ
2;राजाको
1;तेजले
1;धनसबै
1;लूटी
1;लखेटे
1;पायौँ
1;छधन्य
2;आश्रय
2;दियौ
2;चल्दै
1;शून्यता
1;अनुहारको
1;मौनता
1;आवाजको
1;लचकता
1;पराउनुको
1;विशेषता
1;चुनेर
1;रोशनी
4;जीवनमा
6;हुनुको
1;रौनकता
2;छायो
1;दिव्यता
3;पूर्ण
3;सुनसान
3;कोठामा
1;छटपटाएकी
3;छ्यौ
1;डिप्रेश
1;नयनमा
1;भेटाएकी
1;तर्किन्छ्यौ
1;घेराबाट
1;डराउँछ्यौ
1;लजाउँछ्यौ
1;नजर
2;जुधाउन
2;आवाजमा
1;मिलाउन
1;साँझमा
1;अगाडि
1;जम्काभेट
1;भएथ्यो
1;बोलिनौ
1;बोलिन
1;बोलिरहेँ
1;मोडिए
1;शिथिल
1;गोरेटोतिर
1;नानु
1;त्यसताका
1;गर्नुको
1;वर्ण
1;व्यवस्था
2;रहुन्जेल
1;सिउँदोको
2;सिँदुर
1;गलाको
2;पोते
8;उसले
1;पियो
1;माटोमै
1;रोप्यो
1;फुलायो
1;अपार
1;मुस्कानहरू
1;नाथु
1;लालचमा
1;स्वप्नभित्र
2;स्वप्न
4;मरेर
1;बाँचिरहेँ
4;नागरिक
1;बाँचिरह्यो
1;पुण्यभूमिको
4;निष्कर्ष
1;ननिस्किएपछिको
1;विश्रृंखलित
1;शब्दहरूको
1;रिणले
1;टुप्पीसमेत
1;डुबेको
2;पल्टाउँदा
1;च्यातिन
1;लगेको
4;हेरिरहेछु
1;घण्टाघर
1;छेउको
1;रेलिङमा
1;ढेसिएर
1;उभेकोछ
5;बादलले
2;ढाकेको
1;ताराविहीन
1;जुनेली
1;निकास
1;खोजिरहेछ
1;भुलाउने
1;बहानामा
1;जल्छ
1;सिगरेटसँग
2;फुर्र
1;धुवाँमा
1;नपरेको
1;नपुग्नेमा
8;बिचरा
1;विदेशको
2;अन्योल
1;अलपत्रले
4;भनिदिएँ
4;नातिनीलाई
1;बोलेस्
1;भेषभूषाको
1;नगरौँ
1;यत्रतत्र
1;धुजाधुजा
1;फाटेका
1;मासु
7;देखिने
1;दुला
5;भन्यो
1;फेसन
1;बाझेका
1;तैँले
2;चैँ
1;जोगाएस्
1;भाँडमा
1;रहनु
1;छुत
1;लडेस्
1;रोजगारको
1;एकापट्टि
2;भाडा
1;लोन
1;अर्कोपट्टि
2;लाठी
3;महिना
1;मर्छ
1;विवाद
1;सोध्छिन्
1;कमाइ
1;कतापट्टि
2;छोरो
1;सिटिङ
1;रुममा
2;घुँक्क
1;गोरी
1;साइँलीको
1;भट्टी
2;क्यासिनो
1;छिरेस्
1;पटकपटक
1;सोचिरहेछु
2;पुर्खाको
3;अटल
1;लगन
1;पाखण्डहरूको
1;बन्ने
1;होडमा
3;निमिट्यान्न
1;लाग्या
1;विश्वस्त
4;रहनेछ
1;पाखण्डहरू
2;सुकै
1;गरुन्
1;एकथरि
1;रक्षकहरू
1;अनर्गलको
1;सुसमाचार
1;ढाँटिरहेछन्
1;ठहर्याउन
1;तोड्नु
1;बाँच्नलाई
1;मखुन्डो
1;धड्नु
1;तिर्नलाई
6;आत्मा
1;बेच्नेहरू
2;भिरको
1;चिन्डो
1;उँधो
1;उँभो
1;टिठ
3;आफ्नोपन
1;नसक्नेहरू
1;सक्दैनन्
2;टुलुटुलु
1;आलुहरू
1;सड्दै
1;दुर्गन्धको
1;मनभित्र
1;छाँद
1;हालेपछि
1;ऊपर
1;हराएर
1;छताछुल्ल
1;पोखिनुको
2;आहत
1;कर्णपटमा
1;गुञ्जिरहेको
1;खोजिरहेछन्
2;यथार्थ
3;मसँग
1;सोध्छ
1;प्रस्तावहरू
2;तेर्स्याएर
1;धर्मसङ्कटमा
1;वशीभूत
1;विवशतासँग
2;नजिकिएको
4;प्रश्नको
1;घातप्रतिघातको
1;छालसँगै
2;बगिरहेको
5;विगत
1;अतीतका
1;मूर्च्छनाहरू
1;अँगाल्छु
1;मौनताले
1;चाहन्छन्
1;बगाइसँगै
5;आकृति
1;ठम्याउन
1;भेट्दिन
2;अन्योलमा
1;रुमलिएको
1;रणभुल्लमा
1;दिक्क
1;पच्छ्याउन
2;छाडिदेऊ
1;तितो
1;कहानी
1;परिवर्तित
1;आकृतिले
1;तर्साउन
2;थालेको
2;गाँजेको
1;फेरी
1;अत्यासलाग्दो
1;अस्मिताको
1;दोहोरिने
1;नफर्क
2;जाऊ
2;अत्याधुनिक
2;चाहिन्न
1;आधुनिकताको
5;अस्मिता
1;फर्काइदेऊ
1;बन्धकी
1;भ्रमित
1;तिमीदेखि
2;भविष्यको
1;नडस
1;नटोक
1;रीतमा
2;फुल्न
2;बिदा
1;माग्छु
2;उकालो
1;चढ्दा
1;पसिनाले
1;जीउ
1;लुथ्रुक्कै
1;थकाइको
1;खुईया
1;मुखबाट
1;निस्कियो
1;फलाँटको
1;रूखहरूले
7;कानमा
1;कानेखुसी
1;मनुवा
1;ननिकाल
1;अनिष्ठ
4;माङ्मा
4;लुङ
5;रिसाउँछ
1;चढ्नेहरू
2;हाँसी
2;छिनमा
1;हुस्स
1;कुहिरोले
1;छोप्ने
1;उत्साहमाथि
1;अङ्कुश
1;माङ
1;किबुहरूलाई
1;बिलाउनेहरू
1;पोथ्राहरूमाथि
1;आरोप
3;रहेका
1;छिलिएर
1;फुल्नु
2;फल
1;कालिजहरूका
1;हल्लालाई
1;प्रशय
1;पेटहरू
1;अगाएर
3;आनन्दित
2;देखी
1;सहँदैन
1;सिरेटोहरू
2;अँध्यारो
2;भोको
1;पेटारो
2;भक्ति
1;गानमा
1;लाटोकोसेरोको
2;चिच्याहटलाई
1;वर्षौँको
1;कैदपछि
1;थुरिनु
5;पुग्छ
1;उन्मुक्त
3;ढोल
1;स्तुतिको
1;कचिलो
1;डालामा
4;कैद
1;थर्कने
1;लिङ्ग
1;भेदको
1;ओकल्छ
5;भूगोल
1;पुरुषप्रधान
1;नारीप्रति
2;निकाल्छन्
4;हर्ष
1;उल्लास
1;जन्मन
2;पाउँदा
3;सौभाग्य
1;संयोग
2;सफलता
1;अहोभाग्य
1;उदाउँछ
1;फुल्छ
1;हुर्काइन्छ
2;भरोसा
1;मुस्कुराउँछु
1;फक्रने
2;लछारेर
1;बाधाहरू
2;पछारेर
3;काँडाहरू
6;त्यसरी
1;फुलिरहँदा
4;हुनुमा
1;अहोभाग्यमा
2;संस्कारमा
1;भित्रिए
1;मुस्कुराएँ
2;सौन्दर्य
1;दायित्व
1;कर्तव्यका
1;जोखीजोखी
1;भेट्नु
1;सुशासन
1;सिँढी
1;सहिष्णुताको
1;परिस्थिति
1;परिवेशले
1;मन्थन
6;बनाएको
1;बुहारीबाटै
1;पदोन्नतिको
1;स्नेहबाट
1;सृजना
1;शक्तिको
2;सृष्टिको
1;बाँचे
3;सन्तानको
1;संरक्षणकोलागि
1;बारबार
1;अचानो
1;नारीत्व
1;हाँसीहाँसी
1;मर्छन्
2;दक्षिण
2;उत्तरतिर
1;बगाइको
1;बिब्ल्याँटो
1;चकित
2;बटुवाहरू
2;मानेर
2;हेर्छन्
2;सबैले
3;उत्तरेखोला
2;वास्तवमा
2;रहरले
3;समुद्र
2;सागरमा
1;समाहित
1;गजधम्म
1;निरङ्कुश
2;बसिदियो
1;थुम्का
1;सालघारीले
1;एकछत्र
1;रोज्यो
1;आयामबाट
1;सोच्यो
1;दिशाबाट
5;उत्तरे
1;हँडियाखोलासँग
1;मित
1;लाउँछ
1;हँडिया
1;मात्छ
1;अँगालो
3;विद्रोहको
1;फाँटतिर
1;तिनीहरूलाई
1;छेक्दैन
1;रोक्दैन
1;मातेका
1;ठुलोठुलो
1;आवाजसित
2;बुर्कुसी
1;मारिरहेका
1;हाम्रोलागि
1;विश्वविद्यालय
1;जीवनदर्शनको
1;अमूल्य
2;निधि
2;बँचाइको
1;काइदा
1;सिकाउँदो
1;सुल्टो
1;सोचले
1;नभएमा
1;उत्प्रेरित
1;गर्दो
1;शालीनताको
1;सुरतालसँगै
3;बेलाबेला
1;गाउन
2;सिकाउँदोरहेछ
2;सोझो
3;भएमा
1;घुमाउरो
4;अचेल
3;भर्खर
1;बुझ्दैछु
1;पढ्दैछु
2;सिको
2;शनैः
1;मोडमा
1;थुम्काहरू
1;खस्न
1;आपद्विपद्
1;ल्याउन
1;उत्तरेखोलाको
1;सम्झिए
2;हिँडे
1;मीमांसा
1;सुरतालमा
1;नाचे
7;सात
2;पारिको
2;भूगोलमा
9;देशमा
1;मानचित्रमा
1;चाहेर
1;भुल्न
1;सपनीमा
5;गाउँको
1;झझल्को
1;सुत्नअघि
1;सुनाउनुस्
2;डेडी
1;भन्छे
1;अन्तहीन
1;महासुर
1;क्षेत्री
2;सीता
1;मोथेका
1;कथासँगै
5;सुरु
1;प्रशासकहरू
1;मुख्य
1;नायक
1;सहनायकको
1;भूमिकामा
1;चलचित्रझैँ
1;हिंसाका
1;शृङ्खलाबद्ध
1;पटकथाहरू
1;खोसिएका
1;परिघटनाहरू
1;सुनाउँदै
2;बिर्सन
1;आलो
1;बनाइदिन्छे
1;बजारिएको
1;सम्झाइदिन्छे
1;सुतौँ
1;नाइँ
1;सुत्छु
1;कथाका
1;अध्याय
1;बढाउन
2;कथाको
1;शृङ्खला
2;छोरीले
3;बोल्ने
1;बोलीमा
3;आर्मी
3;मान्छेलाई
1;बुटले
2;बेस्सरी
1;हिर्काउँछ
1;बन्दुकको
2;मार्छ
1;पाता
1;फर्काएर
1;बाँध्छ
2;जेल
1;लान्छ
2;राक्षस
1;उस्तो
4;त्यस्तो
1;एकादेशमा
1;दन्त्यकथा
1;गुणा
1;काल्पनिक
1;छोरीको
1;असमर्थ
2;बिरे
1;दादाको
4;बाउ
3;जेलमा
1;याँ
1;बिरेको
2;अबोध
1;छोरीसँग
1;बिरेकी
1;सोह्रौँ
3;वसन्त
2;कुमारीत्व
1;लुटाएर
1;बँचाई
1;तनावसँगै
1;पापीको
1;नासो
1;गर्भमा
5;देशबाट
1;लखेटिन
1;पुगी
2;बिर्खेले
1;बिर्खेकी
1;छोरोलाई
1;बताउन
1;सक्छे
3;तँलाई
1;पापा
1;आश्वासन
1;सकेको
1;कटु
8;सिङ्गो
1;समाजले
1;बँचाएको
1;ठानिरहेको
1;वनस्पतिलाई
1;बेर्नामै
1;निमोठिन्छ
1;फक्रनै
1;नपाई
1;कोपिलामै
1;गरिन्छ
1;रूखहरू
1;टुप्पाबाट
1;उम्रन्छन्
1;चितुवा
1;बाघ
1;भेडीगोठको
1;सुरक्षार्थ
1;खटाइन्छन्
1;भुस्याहा
2;कुकुरहरू
1;हाँस्छन्
1;रुनुपर्छ
10;माटोको
2;गुम्बाका
1;सङ्कीर्ण
2;घेराभित्र
1;बुद्धलाई
1;बनाइएको
2;माटोसँग
2;जोडिएको
1;नातिलाई
1;दरसन्तानले
1;सम्झनु
1;सुनाउनुपर्छ
1;पदार्थ
3;सम्बन्धमा
1;चेतनालाई
1;प्रधानता
1;आदर्शवादी
1;ढोँगी
1;बौद्धिक
2;विकासका
1;वस्तुगत
1;पद्धतिहरूलाई
1;झूटको
1;थिच्नु
6;नबन
2;घोषित
1;प्रतिबद्धता
1;वर्गचेतनालाई
1;सीमित
1;विलासिताका
1;भुलभुलैयाले
3;सपनाको
1;बृहत्
1;परिधि
1;मिच्नु
1;भ्रातृत्व
1;भाइचारा
1;बन्धुत्व
2;जस्ता
3;उच्च
4;गुण
1;एवं
1;न्यायका
1;चुचुरा
1;मुठारेर
1;रङ्गरोगनले
2;भित्रै
2;वर्गीय
1;आर्थिक
1;लैङ्गिक
1;असमानताको
1;रणनीति
1;शिरोधार्य
1;पूजक
1;सङ्कीर्णताको
1;सृजनशील
1;मस्तिष्कलाई
1;शोषक
1;पलाँस
2;फुल्ने
1;सिँच्नु
4;पुग्यो
1;चुहुनु
3;हिजो
3;हाँसेर
1;रुनु
1;डकैतीको
2;यन्त्र
1;सज्जित
1;स्वर्गमा
2;सम्पन्नता
1;सुविधाको
1;भूत
1;चढेर
1;आत्मसन्तुष्टि
2;मार्दै
1;विलासीताका
1;पाङ्ग्राले
1;वीरतालाई
1;किच्नु
1;झूट
1;पुऱ्याऊ
1;जाहीँ
1;ताहीं
1;गौरवपूर्ण
1;विगतलाई
1;थुक्नु
1;झूटो
1;सुखलाई
2;सलामी
1;दिनुपरेको
1;मूल
1;बीज
1;आँकुरिँदैछ
2;अभियानको
1;माकुरिँदैछ
1;यावत
1;गैरजिम्मेवार
1;निभाई
2;आस्थाको
10;लास
1;इतिहासकै
1;कुरूप
1;खिच्नुपरेको
1;पिट्छन्
1;सुन्दैनन्
1;बिर्सिदिन्छन्
1;नबजाई
1;होनहार
1;हाईहाई
2;कमाउँछन्
1;यादगार
1;बनाइदिन्छन्
1;वितृष्णाले
1;छटपटाइरहँदा
1;लालचकै
1;कसिएको
1;सम्बन्धनै
1;तोड्न
3;खोज्छन्
1;सधासधा
1;अमृत
2;टुटेको
3;सम्बन्धलाई
1;लिन्छन्
2;साझा
1;फूलबारीका
1;फूलहरूजस्तै
1;सप्रेका
1;फक्रेका
1;गरिएका
1;नगरिएका
1;ढलेका
1;वासनासहित
1;वासनारहित
1;मल
1;अनेकअनेक
1;मिसिएका
2;झुन्ड
1;यहाँको
3;थोक
2;निलो
1;सम्झिरहेछु
1;बाटोघाटो
1;पनमा
1;रमाएका
1;मनहरूलाई
1;आजसम्म
2;प्रेरित
1;क्षणहरूलाई
1;पतन
1;सम्झनाहरूको
5;सम्झँदै
1;काटिरहेको
2;यसो
1;आइय्या
1;नबुझे
1;अव्यक्त
1;जमातबिचको
1;एक्लोपनको
1;छिनको
1;हराइरहेछु
1;डराइरहेछु
1;दुखाइरहेछु
1;देशविहीन
1;देशफिर्तीका
1;बुनिरहेछु
2;विस्थापित
4;भूटानी
1;पुनःनिर्माण
4;सम्झेँ
1;भुल्लकड
1;भुलिसक्यौ
2;स्कूल
1;रमाइला
3;सम्झ
1;मित्रताको
1;मुना
1;त्यहीँबाट
1;भाथ्यो
1;तातेताते
1;बालकसरह
1;चप्लि
1;ओछ्याई
6;चिसो
2;चौरमा
2;बस्ता
1;कोदालाको
1;बज्थ्यो
1;पिसाब
1;छुट्टीमा
1;धानको
1;सुत्ली
1;बजाउने
1;फुकेको
1;छुट्टी
1;बोराभरि
2;खाँदी
1;सुकेका
2;सालको
2;भुल्दिन
1;आछामेको
1;बेरेर
1;बिँडी
4;सम्झँदा
1;खिर्याउँछ
1;परर
1;अँगेरी
1;झ्याङ
1;रिजाब
1;होमवर्क
1;नगर्दा
1;क्लासबाट
1;भागी
1;ठुलाठुला
1;सखुवाका
2;छानी
1;लुकाउने
2;अङ्ग्रेजी
2;सरले
1;कन्सिरी
1;उखेल्दा
1;सराप्थ्यौँ
1;सर
1;नपरोस्
2;गर्थ्यौँ
1;मिनेट
1;सेकेन्ड
1;गणित
2;सरको
1;फर्मुला
1;सोध्ने
1;सम्झेनौ
1;हेडसरको
1;भाटाको
1;चुटाइ
1;छेपारी
1;छाम
1;अर्काका
1;छिटाहरू
1;नमिठा
1;पीडादायक
1;भाग्दा
1;बेराबाट
1;खाता
4;किताब
2;पालै
1;छिटोछिटो
1;छिराएको
3;गएर
1;लगाएका
1;हाउडे
1;जोक्सहरुथोरै
1;अश्लीलहरू
2;सम्झिरहेको
1;लाबरको
1;ब्रेकमा
2;पिठो
1;जुठोले
1;सुरूपसँग
1;अगि
1;बढेथ्यो
7;बिस्तारै
8;लागेर
1;एसएलसीमा
1;साटीसाटी
1;छल्दै
1;चिट
1;चोरेपछि
1;एकसाथ
1;रहेनौँ
1;बिछोडिएको
1;रम्यौ
2;पलहरू
4;सम्झिएर
1;मित्रता
2;फेसबुकमा
1;कत्ति
1;रमाउँदो
2;झनै
1;स्काइप
1;याहुमा
1;हेरा
1;टेक्स्ट
1;नछुटिने
1;सदाको
4;सिमानाले
1;तेरोमेरो
3;अलगअलग
1;नभनोस्
4;जन्मभूमि
1;नदेखोस्
1;उत्पत्तिदेखि
4;तँ
5;हावा
1;पिउँछस्
1;पिउँछु
1;भूगोलचाहिँ
3;सीमाहरू
1;विदेशी
1;बहिष्करण
1;जन्मछन्
2;बनाउँछन्
1;चाहिन्छन्
1;पृथ्वीका
3;हौँ
1;जहाँका
2;बागडोर
1;खुलाउने
8;चाबी
1;उकासेर
1;परिपूर्णतामा
1;पुर्याउने
1;नङ्ग्याउने
1;बुझाइदिएँ
1;नाङ्गिएको
1;लुटाएको
1;कुटिएको
1;खुलाउँथेँ
1;फूलाउने
1;बँडाउने
1;भन्थेँ
1;कटुतालाई
1;सत्यतामा
1;यथार्थतामा
1;यथार्थतालाई
1;प्रयोगात्मक
1;परीक्षणमा
1;ढाल्दै
1;अभाग्यवश
1;जिम्मा
1;उसैलाई
1;चिप्लो
2;चिप्लिएर
1;छत्तिस
6;पल्ट
1;लडे
4;साथै
1;हराइनँ
1;अन्तरिक्ष
3;मा
2;घामको
1;तापले
1;नगलेको
2;गर्दथेँ
1;तिक्तता
1;रिक्ततालाई
1;ओझेलमा
1;यथार्थता
1;फलामे
1;चाबीको
1;अनिवार्यता
1;बाङ्गिएकै
1;चाबीमा
1;सन्तुष्ट
3;उदाउँदै
3;ससाना
1;जुनहरू
1;खसाल्नु
1;मिल्किवेमा
1;समुन्द्र
3;खडा
1;भोटे
2;ताल्चा
1;फलामको
1;लाहाले
1;बलिया
1;ताल्चाहरू
1;चाबीले
1;खुल्ने
1;असम्भव
1;भन्दथे
1;सुइँको
1;ताल्चाको
1;उपयोगिता
1;वास्तवमै
3;दश
1;चाबीहरू
1;एक्कठ्ठ
1;एकीकृत
1;अन्तत
1;ओझेल
4;छाया
1;ठूला
1;बिलायो
2;क्षेत्रफल
2;चाकडी
1;शरणार्थीको
2;उपमा
3;पाए
1;तेस्रो
1;आप्रवासी
2;बाँचिरहेको
1;जीवनले
1;बुझायो
3;कहाँसम्म
2;भूगोलको
1;पर्खाइ
1;वटै
1;तेब्बर
1;एउटाभन्दा
2;सम्भव
1;झलझली
1;आउँदछ
1;हुँदाको
1;केटाले
1;अम्फी
1;लुकीलुकी
1;आमैले
1;पालैपिलो
2;लगाएको
1;उत्ताउलो
1;ठान्दथेँ
2;हुर्केको
1;अग्लो
4;फुलेको
5;हिमाल
1;पौवापाटी
1;गोरेटा
1;भर्ने
1;पँधेराले
1;प्रश्नका
1;फुलेका
1;अवसर
2;मिले
1;शिखरबाट
2;जन्मेर
1;उचालिँदै
1;थेचारिँदै
1;पछारिँदै
1;लड्दै
1;पढ्दै
1;पहरासँग
1;अजम्मरी
1;साइनो
1;गाँस्दै
1;सुनकोस
1;मानस
1;अरुण
1;सप्तकोशी
1;ब्रम्हापुत्र
2;बगिरहेछ
1;ऊसित
2;भँगालो
1;दोभान
2;अनेकौँ
1;चुनौतीहरूको
1;सामना
1;किनारासँग
1;उष्ण
1;बगरले
1;निल्छ
1;अनिश्चितताभित्र
1;गन्तव्यको
1;अँध्यारोभित्र
1;ज्योतिपुञ्जको
3;पूर्व
1;राजनीतिक
1;अस्थिरता
1;रोजगारीको
1;खोजीसँगै
1;गरिरहेछ
1;अनादिदेखि
1;अनन्तसम्मको
2;यात्रामा
1;हिमशिखरदेखि
1;महासागरसम्म
1;महासागरको
1;अँगालोमा
1;हराउन
5;छातीको
1;भ्रातृत्वप्रेम
1;सलबलाओस्
1;ढकमक्क
1;सकोस्
1;हर्के
1;बहादुरे
1;आदिले
2;आनन्दले
2;सकून्
1;हरिमाया
1;रनमतिले
1;पाऊन्
1;क्याक्टस
3;गुलाफ
1;मुस्कुराउन
1;पर्दैनन्
1;चौतर्फ
1;फैलिन्छन्
1;बिदाइमा
1;हल्लिन्छन्
2;कलात्मक
1;वीरत्व
1;अन्धकारमा
1;फस्छन्
1;चलिरहन्छन्
1;नबुझ्दा
1;तेजस्वी
1;लेख्छन्
4;मधुर
1;शृङ्गार
1;प्रस्तुति
1;यिनीहरूको
1;संरचना
1;वैज्ञानिक
1;आविष्कारको
2;खोल्ने
1;बाटोहरू
1;खन्ने
1;प्रतिवादमा
2;उठ्ने
1;कपट
1;दुष्टताको
1;यिनीहरूमा
2;निश्चल
8;अमेरिका
1;नातेदार
3;काकाले
2;फेसबुकको
1;म्यासेन्जरमा
1;हेलो
2;भतिज
1;म्यासेज
1;पठाउनु
1;स्मार्टवाचको
2;स्क्रिनमा
1;अफिसको
1;कामले
2;भएकाले
1;म्यासेजलाई
1;त्यतिकै
1;छाडिदिएँ
4;बाआमालाई
2;म्यासेजको
1;नदिँदा
1;सोच्नु
1;जङ्गिँदै
1;लेख्नु
4;स्मार्टफोन
1;यहाँबाट
2;पठाइदिऊँ
4;फोन
2;बन्छ
1;जानिँदैन
1;चलाउन
1;टी
1;सिकाइदिन्छ
1;काममा
2;ध्यानै
1;गएन
1;कुतकुती
1;लागिरह्यो
1;असिनपसिन
2;सोचमग्न
3;साठी
2;वर्षीय
2;चुनौतीलाई
3;सहज
1;लिनै
1;पोल्न
2;हाँस
3;उठ्यो
1;भन्या
1;झनक्कै
1;घोर
1;उपहास
1;गरेकोझैँ
10;एकै
2;चिम्लिएर
1;सिलिङतिरफेर्कें
2;काकाको
1;स्मार्टफोनकै
1;विषयमा
2;खिसी
1;सूचनाप्रविधिको
1;युगमा
1;ढुङ्गेयुग
1;गिज्याइरहेको
1;दक्ष
1;प्राविधिकले
1;सिकाइरहेको
2;निरीह
1;लाज
3;बित्तिकै
1;म्यासेजहरू
1;डिलिट
1;गरिदिऊँझैँ
1;फर्काइदिऊँ
2;जवाफमा
2;स्मार्ट
2;फोनको
1;काकासँग
2;प्राविधिक
1;लड्नु
1;लज्जास्पद
1;घटनाबाट
1;अन्यत्र
1;केन्द्रित
1;एस्प्रेसोको
1;चुस्कीसँगै
2;युगल
1;अङ्कमालमा
1;आलिन
1;सेल्फी
1;लिइरहेका
1;फलैँचामा
1;थिचिरहेका
1;फोनमा
1;हेडफोन
1;रोडमा
1;दौडिरहेका
1;गाडीका
1;हुलमा
1;उबर
1;टिप्न
1;दौडेका
1;देखिन्थे
1;दृश्यहरू
1;अवलोकन
1;कल्पनामा
1;भइरहँदा
1;बेजोड
1;रुपी
1;जोड्दै
3;हृदयको
2;सफा
1;पानामा
1;थालेछु
1;फिड
1;म्यासेन्जर
1;स्टोरी
1;लाइभ
1;ट्विटरको
1;लघु
1;ब्लग
1;ट्विट
1;रिट्विट
1;इन्सटाग्राममा
1;फोटाको
1;ह्यासट्याग
1;स्न्याप
1;च्याटको
2;साटासाट
2;खोज
1;विश्वमानचित्र
1;युट्युबको
1;मुद्रीकरण
1;टिकटकको
1;ओठे
1;स्पोटिफाइको
1;गीतसङ्गीत
1;सञ्जाल
2;मेला
1;क्याण्डीक्रस
1;पबजीको
1;खेला
1;ग्राममा
2;परिणत
1;जादुको
1;छडी
1;ठुलै
1;हदसम्म
7;सरल
1;अटाउने
1;सौर्य
1;बटनका
3;ब्रह्माण्ड
1;प्रत्यक्ष
1;प्रसारण
1;अनुपम
1;आधुनिक
1;आविष्कार
1;आविष्कारले
1;फुर्सदलाई
1;दासी
3;समयलाई
2;घुँडा
1;टेकाएको
1;लागूपदार्थभन्दा
1;कडा
1;नसा
1;चढाएको
1;मित्रतालाई
1;जुटाउनुभन्दा
1;फुटाएको
1;पाहुनालाई
1;चिडियाएको
2;शरीरमा
1;आलस्य
1;हराम
1;लेखनको
1;बानीलाई
1;सन्तुलन
1;खलबल्याएको
1;घरलाई
1;तुल्याएको
1;डिनर
1;टेबलमा
1;गफगाफलाई
1;सिद्ध्याएको
1;चुलोचौकोमा
1;बाआमाका
3;छोराछोरी
1;पुस्तालाई
1;प्रतिष्ठित
1;असभ्यताको
2;सङ्घारमा
1;पुर्याएको
1;वैभवलाई
1;बिटुलो
1;निल्नु
1;ओकल्नु
1;नचलाई
3;समुद्रमा
1;मिल्काइदिऊँ
1;मोबाइल
1;पूर्वको
1;समयमै
1;फर्कने
1;घाँडोविहीन
1;अखनेले
1;तितरबितर
2;छरिएका
2;विगतका
1;त्यान्द्राहरू
1;सिला
1;सङ्लो
1;हिँड्यो
1;जेठो
1;बटुको
1;टकुमितिर
3;डलर
1;छाप्नलाई
1;दमकको
1;बिल्डिङमा
1;इँटा
1;छापे
1;आङ्ग्रा
1;खोल्साको
1;भोर्ला
1;पोखरीको
3;एकान्त
1;बेलडाँगीदेखि
1;सिन्सिन्नाटीसम्म
1;लागेन
2;अत्यन्तै
1;हिरो
1;साइकल
1;टोयोटा
1;क्याम्रीभन्दा
1;नाङ्लाको
1;बिट
1;दगुरे
1;जाम्पानीको
1;डुबुल्की
1;महाजनको
1;चर्को
3;मीठा
1;धमिलिँदै
1;जवानी
1;सृजनाशक्ति
1;बिलाए
1;एकताका
15;चिठी
2;लेखेको
1;पोतिएको
3;भिजेको
2;खोलिएन
2;पढिएन
5;समस्या
2;जटिल
1;गइरहेछ
1;बनिरहेछ
1;रगतको
1;चिठीले
1;पखाल्नु
1;आँसुलाई
1;खुसीमा
1;बदल्नु
2;चिठीलाई
3;खुल्ला
4;आकाशको
2;छहारी
3;आगोमा
4;लेखेँ
2;जाडोले
1;जिऊँका
1;तिउँ
1;बनिरहेको
1;च्यातियो
1;भेटिन्न
1;मजस्तै
1;जन्मनुपर्छ
1;घरभित्रै
2;सबैलाई
1;पढेर
1;सुनाउनेछ
1;लङ्गडालाई
2;बनाउनेछ
1;नदेख्नेलाई
1;देख्ने
1;सुतेकालाई
1;ब्युँझाउनेछ
1;लाटालाई
2;हुनेछ
1;सधैँका
1;सदाका
1;कठीन
1;बिग्रेर
1;जाला
1;हुर्कायौ
1;पिरलो
1;घुर्क्याइ
1;चुस्ता
1;सन्ततिको
1;बनिने
2;हर्दम
1;पाएनौ
1;तेर्स्यो
2;सुर्ता
1;चसक्क
1;बिझ्दैछ
1;पोल्छ
1;मूटु
1;सकिन्न
1;सहनै
2;बडेको
1;कोख
1;बिसे
2;लुकेर
1;खेल्थेँ
1;रम्थे
1;बनका
3;चरा
1;सर्वदा
2;वनका
1;सुस्वागत्
1;रूँदा
1;विरक्त
2;बनिँदै
2;हराए
5;खोज्दा
1;जनादि
1;मीलेर
2;खेल्न
1;कुर्दै
2;बगाल
2;वनको
2;पक्षी
1;बस्तुसँगै
1;वनमा
1;पिरोल्छ
1;टाट्नामा
1;थे
1;भोकसँगै
1;मिल्न
1;घिडघिडो
1;बच्ने
1;पराग
1;झुल्दै
2;पावन
1;बासन
1;मनका
1;घुर्दा
1;घरका
1;सिँढिमा
1;देला
3;कसलाई
1;सुनाऔँ
2;लेखौँ
2;लेखेर
1;पढ्छ
1;मनन
1;निर्धक्कताको
1;वर्णन
1;आत्मबलको
1;सरमविहीन
1;अभिव्यक्ति
1;उसमा
1;किसिमको
1;आत्मबल
3;बढेको
1;निर्धक्कसँग
7;विपक्षमा
6;विरोधमा
6;इच्छुक
6;थिइनँ
1;बनाउँथे
1;लोकाचार
1;रच्नु
1;नचाएँ
1;प्रस्टसँग
1;वक्ता
1;बहसहरूमा
1;निचोरिँदै
1;निमोठिँदै
1;लेखन
4;गर्दैछु
1;चरित्रको
1;थिएनन्
2;लासहरू
1;खेतहरूमा
1;चेलीहरूका
1;अपसोच
1;फिर्तीको
1;अनाहकमा
1;कोचिएका
3;भाइ
1;क्रूरताप्रति
3;बरु
1;खुच्चिङ
1;मुलाहरू
1;आन्दोलन
1;खायौ
1;विद्वानको
1;स्वदेशफिर्ती
2;विरोधी
1;न्यायको
1;विपक्षी
1;निर्वस्त्रता
4;चाहिएको
1;भाँजो
1;हाल्यो
1;वृद्धहरूले
1;चलाएको
1;सत्याग्रह
1;पुलको
1;धर्नामा
1;अल्लारेहरूको
2;भिड
2;जम्मा
1;उपद्रो
1;सिकायो
2;मूर्खहरू
1;नर्कमै
1;कुहिएर
1;भोटेको
1;तातिएका
1;नसोचेको
1;छाककोलागि
1;सोच्ने
1;अवस्थाको
4;व्यक्ति
3;दस
1;पटकसम्म
1;नफेरिएका
1;कपडा
1;दैनिक
2;दुखेन
1;अस्ति
1;वरिष्ठको
1;पुनर्वासपछि
1;पाएको
2;बयान
2;सहिद
1;मानिन्छन्
1;नजरले
1;परिभाषाले
1;सत
2;रहन
1;सक्थ्यो
2;उनि
1;हुन्थ्यौँ
1;मालामा
1;भव
1;उनेका
1;सहर
2;रामायण
1;बल्दै
1;समाते
3;कण
1;घाँसी
1;भूमा
2;उदय
4;पक्का
1;साँच्चो
1;रज
1;थल
1;गाथा
1;सार्थक
1;सरिता
1;सरस
1;रचना
2;सखा
1;अँध्यारोमा
1;झलमल
1;लोचन
1;नमान्ने
3;अमर
1;पुस्तक
1;बगेका
1;धमनी
1;जमानाले
1;कोल्टे
1;फेर्यो
1;बाँच्यौ
1;यश
1;वशु
1;उर्वीको
1;नवरत
1;निर
1;बसूँ
1;अनुचर
1;बगिरहूँ
1;नमनका
1;रही
1;भाषाको
2;शुभ
1;चरणमा
1;बाबाआमा
1;सबप्रति
1;गाँस्नै
1;लगाऔँ
1;हामीहामीबिच
1;छोड्न
1;सिकाऔँ
1;हातेमालो
1;गरिकन
1;बचाऔँ
1;नेपालीको
1;आँट्न
1;बनाऔँ
1;टाढाटाढा
1;दिलदिल
1;देशगाथा
1;भरेका
1;बाच्ने
1;भनेका
3;चोट
1;कालाकाला
1;बादलै
1;छेडि
1;पस्नू
1;साह्रो
1;जतिजति
1;आउ
1;बस्नू
1;थलामा
1;घरभित्र
5;थियौँ
1;पाई
1;धरामा
1;फुट्ने
2;छैनौँ
1;दिलाई
1;जागौँ
1;कलमलिइ
1;प्राण
2;उठाई
1;हेपिने
2;राँको
1;वनतिर
1;छेकिने
1;बगरतिर
1;चनाखो
1;हार्ने
1;सहरतिर
1;परीक्षामा
1;मार्ककालागि
1;कोरेको
1;नक्सा
2;अहा
2;मेहनत
1;छुखातिरको
1;भूभाग
1;मिल्दैन
1;मेटायो
1;कोर्यो
1;गेलेफू
1;पारो
1;पश्चात्ताप
1;यहाँनिर
1;साँगुरो
2;चित्र
1;कोरिरहेको
1;थालभरि
1;ममताका
1;अक्षता
1;आस्थाका
1;फूलपाती
1;निश्चलताका
1;अम्खोरा
1;मन्दिर
1;धाउनुहुन्थ्यो
1;पुज्नु
3;भगवान्
1;देखिरहन्थेँ
1;दायाँपट्टि
2;निर्जीव
1;अपूर्ण
1;छुनुहुन्थ्यो
1;मन्दिरमा
1;दीर्घायुको
5;कामना
3;गरिरछु
3;छुनु
1;भन्नुहुन्थ्यो
1;यिनले
1;गरिबक्सन्छन्
1;महाराजालाई
1;विष्णुको
2;अवतार
1;मान्नुहुन्थ्यो
1;आगलागीमा
1;जल्यो
1;लुगाफाटा
4;जले
1;बाख्रापाठा
1;कृष्ण
5;राम
2;लक्ष्मी
2;सरस्वती
1;माताको
1;जलेछ
1;जतन
1;जल्नबाट
1;बचेछ
1;फाटे
1;दोब्रे
1;चिनिने
3;भन्नुहुन्छ
9;घाउ
1;कहालीलाग्दो
1;सार्वजनिकरणको
1;पक्ष
3;लाग्नु
2;भाछ
1;फोटोकपी
1;छर्नु
1;रुखमा
1;झुन्ड्याउनु
2;भा
1;नालामा
1;बगाउन
4;हुनुहुन्छ
1;बरबराउनु
4;तस्बिरको
1;सामूहिक
1;हत्यामा
1;रुखबाट
1;नालाबाट
1;बटुलिँदै
1;बाटाबाट
1;समालिँदै
1;ओरिजिनल
1;कापीको
1;बार्गेनिङ
3;राछ
1;म्युजियममा
15;राख्नु
1;डिमोग्राफिक
1;इम्ब्ल्यान्सको
1;प्रसङ्ग
3;मौन
1;ऐतिहासिक
2;स्तम्भ
1;इतिहासको
1;अतीतको
1;वीरंगनाको
1;राछु
1;आमामा
1;शालीनता
5;पाउँदिन
1;शतप्रतिशत
1;पाउँदैछु
1;ओहायो
4;अक्सर
5;मान्छेजस्ता
5;देखिँदैनन्
8;आजकाल
1;सतही
1;भावनामा
1;हेलिएर
1;प्राप्ति
1;आकाङ्क्षाहरूमा
1;जेलिएर
1;तिलस्मी
1;तरलतरल
1;अप्टिकल
1;डिस्टोर्सनका
4;सिकार
1;इलुसिभ
1;वक्ररेखाहरू
1;भ्यानगग
1;पिकासोका
1;क्युबिजम
1;अमूर्त
1;चित्रकला
1;प्रकार
1;विनिर्मार्णवादले
1;अभिप्रायहरूमा
1;रमाउँदै
1;विना
1;सर्तका
1;सर्तहरू
1;टाँसेर
1;उत्तरआधुनिक
1;युगका
2;आदिम
1;प्राणीझैँ
1;टुटफुटमा
1;तोडफोडमा
1;जुट्न
3;छोडेका
1;भुक्न
1;हाँस्छौ
1;हाँस्छु
1;बुख्याचाहरूजस्तै
1;मूर्तिहरूजस्तै
1;खिच्चाहरूजस्तै
1;सैतानहरूजस्तै
1;मसिहाजस्तै
1;महात्माजस्तै
1;सन्तहरूजस्तै
1;भुस्याहाजस्तै
1;इमानी
1;हुँदाहुँदै
5;आमाबाबुलाई
4;लिपेरपोतेर
5;सकभर
5;झुन्डाएर
8;टाँसी
2;हप्तै
4;पिच्छे
3;भुक्तानी
2;महिनै
4;भत्ता
1;खानापिना
1;सरसफाइ
1;गोठालो
4;बाआमा
1;खासादेखि
1;भित्तेटाँस
1;मगाएर
1;डान्स
1;बारतिर
1;हेरेको
1;देख्नु
1;नपरे
1;डाइरेक्ट
1;बैङ्कमा
1;डिपोजिट
3;अचम्मको
3;चिज
3;यार
1;झगडा
1;खुवाउनु
1;स्याहार्नु
1;नानीहरू
1;स्याहार्छन्
1;टस
1;नपुगे
2;नपाइने
1;बिराम
1;केयरगिभर
1;भरखर
1;दोब्रिएको
2;नचल्ने
1;सकिँदैन
2;बाबुआमा
1;जुक्ति
1;सम्भावनाको
1;मुहान
1;भनेकै
1;चर्खा
1;बाबुआमाको
1;थालेछन्
1;कर्तव्यलेभन्दा
1;स्वार्थले
1;आवश्यकताले
1;आमाबाबुप्रति
1;लगाव
1;पन्ध्रबिस
2;पाउन्डको
1;बोक्छन्
1;बोराको
2;चामल
1;खन्याउँछन्
1;घरदेखि
1;निस्किन्छन्
1;अनिवार्य
1;सर्भिस
1;कोअडिनेटरले
1;भेट्छन्
1;हृदयाघात
1;गरिदिन्छन्
1;भन्नुपर्छ
4;टाउको
1;मसार्छ
1;घाँटी
1;छाम्छ
3;चाहिँ
1;यतायता
1;फोछु
1;मोछुसङ्गमका
2;सुमधुर
1;गुन्जिरहेछन्
2;राइन
1;नदीको
1;किनारहरूमा
1;सुनिरहेको
1;गुञ्जनहरू
1;सडकवारि
1;सडकपारि
1;बगरभरि
1;बिछ्याएर
1;टोहोलाउँछन्
1;टेकेका
1;खलबलिएर
1;बेलगाम
2;नदीका
1;बगरहरूमा
1;स्मृतिका
1;वेगहरू
3;हिँडिरहेको
1;बहावसँगै
1;पिरोलिएर
1;अमिलिएर
1;थिचिएर
1;दबिएर
1;जीवन्त
2;प्रतिबिम्बित
1;रुँदै
1;मतिर
1;दशहात
1;फैलाउँदै
1;ॐ
1;मणि
2;पद्मे
1;नर्थ
1;सीको
1;किनारमा
1;बालुवामाथि
1;दुहुने
1;सुनपानी
1;निल्नुभन्दा
1;खेतबारीका
1;कान्लामाथि
1;कोइलीका
2;मिठा
1;गुराँसका
3;थुँगाहरू
1;टिप्दै
5;उनको
1;स्थलको
1;धुकधुकीहरू
1;छातीमाथि
1;सुमसुम्याउँदै
1;बौद्ध
1;राजाबाट
1;दसैँमा
2;निधारमा
1;टाँसिएका
1;टीकाहरू
1;पुछ्दै
1;बाहरू
1;सुसाउँदै
2;मर्दैछन्
1;विगतको
1;समुद्रवारि
1;समुद्रपारि
1;फोछुमोछुहरू
1;उर्ल
1;पहिरो
1;समानताका
2;बाका
1;घाउहरू
1;पखाल्दै
1;छोर्तेन
2;पवित्र
1;आँगनहरूमा
1;गुञ्जायमानभएर
1;धामधुम
1;सुनकोश
1;मानसकाभन्ज्याङहरूमा
1;गुन्जाउँदै
1;उथलपुथल
1;मौसमको
3;वर्षा
1;ॐमणे
1;ठगिनसम्म
1;गन्दागन्दै
1;गन्तीमा
1;बोल्दाबोल्दै
1;भासिएको
1;बस्दाबस्दै
1;बसेकै
1;ठाउँबाट
3;लखेटिएको
2;निकालिएको
2;नाङ्गो
1;बुझेको
1;सुनगाभा
2;सुनाखरी
4;फाटेको
1;कपासको
1;भिख
1;माग्ने
1;धेरैसँग
1;फिँजाई
1;भिखको
2;ऋण
1;तिर्ने
2;पछाडिबाट
2;रोप्ने
1;अगाडिबाट
2;दुस्मन
1;मान्ने
1;नदेखाऊ
1;कसुरको
1;पहेँलो
1;खरको
1;छानाभरि
1;गोधूलिमा
1;चरेर
1;फर्कन्थे
1;तिलकु
1;गोल्मु
1;तार्कु
1;गोठु
1;पहेँलपुर
1;निहुरिएका
1;बालासँग
3;सयपत्री
2;हाँसेको
1;नाङ्लाभरि
1;गाँसिन
2;हुन्थे
1;उन्माद
1;मादलच्याब्रुङसम्म
1;घन्केको
4;पसेको
1;फुलाउन
4;सकिएन
7;हरियो
1;गोबरले
1;आँगनभरि
1;ओछ्याउन
1;मुर्झाएका
1;बेचिँदा
1;छेउका
1;पसलबाट
1;वैभव
1;अस्मिताले
1;दिएन
1;अन्तरात्मा
1;छचल्किएर
1;पोखिन
1;भट्ट्याउन
2;आँगनको
1;चार
2;मिलेन
1;भैलिनीको
2;थाप्न
1;नाङ्लो
1;दीपशिखा
1;बाल्न
1;मादलच्याब्रुङ
2;ठोकेर
1;फेर
1;चाहिँदो
1;साक्षात्कार
1;भण्डारसँग
1;बटुलेका
1;छुपुछुपु
1;हिलोसँग
1;गाएका
1;मियो
1;गाडेर
1;मङ्सिरमा
1;दाइँ
4;थोपा
1;जिलाएको
1;उर्वरा
1;गोवर्द्धन
1;उठाउन
1;देशभरि
3;छौँ
1;औँसीको
1;कालरात्रिलाई
1;चिर्न
1;खिनौरा
1;मोमहरू
1;सल्काउने
1;भ्रातृत्वको
1;शङ्खनाद
1;बहिराहरूलाई
1;सुनाइछाड्ने
1;धनसिरी
1;जलढक्का
1;कुलागांग्रीको
1;चुचुरोमा
1;फर्फरिनेछ
1;युगयुगान्तर
1;वकालत
2;गर्नेछ
1;नागरिकहरूको
4;खबर
1;बन्दैन
1;छापेर
2;खोज्ने
1;गर्दिन
3;गुगलमा
1;सेकेन्डमा
1;नतिजा
1;फेसबुकबाट
2;स्थिति
2;सम्प्रेषण
1;भइरहेकै
1;फोनले
1;पाइलाहरूको
1;गणना
1;गरिरहेकै
1;सडकभरि
1;यत्र
1;तत्र
1;छिपाइएका
2;गुप्त
1;क्यामराहरूबाट
1;चालको
1;विश्लेषण
1;हुँदैछ
1;रुचि
2;अनुसारको
1;एजेन्सीहरू
1;मेरोपछि
1;लागेका
1;भेट्छु
1;कृत्रिमता
1;वास्तविकताभन्दा
1;परिश्रमसँगै
1;मस्किरहेका
1;घामका
1;किरण
1;टारी
1;खेतले
1;बर्सेनि
1;फलाउँथ्यो
1;मोतीका
1;लहराउने
1;फाँटभरि
1;देखाउँथे
1;सुसाउँथे
1;दुःखका
1;सुस्केराहरू
1;हिमालहरू
1;हाँस्दछन्
2;रोइरहेछ
2;सुनामी
1;हिर्कायो
1;घाँटीसम्म
2;सक्यौँ
1;पुग्न
2;सोच्छु
1;हिजोआज
1;लाटो
1;सम्म
1;पुर्खाहरूको
1;बलिदान
1;पछुताई
3;रहन्छु
1;राज्य
2;सत्ताको
1;वधशाला
2;अनायासै
1;वरपिपलको
1;ताप्ने
7;बिरानो
3;बने
1;असङ्ख्यदेवीथान
1;देउरालीहरू
2;विक्षिप्त
1;चीरहरणपछि
1;देवीहरू
4;आँखाहरू
1;चिन्नु
2;बुढा
1;भुईँमा
1;सुस्ताई
1;छोराको
1;भाइहरू
4;टेकेर
1;दौडन
1;दाइहरूको
1;गुञ्जिरहयो
1;विरहको
1;अन्तरा
1;क्रुद्ध
2;समयले
1;घिसार्दै
1;बाटोसम्म
1;तय
1;सम्मको
2;कान्लाभरि
1;फुल्दै
1;मिसाएर
2;हाम्रै
1;मुस्कुराउँदा
3;सम्झनामा
1;टिप्ने
1;बहिनीहरू
1;भैली
1;सम्झिएँ
1;बगान
1;पाक्दैखस्दै
1;रछ्यानको
1;आरुको
4;बुढो
1;तैपनि
1;आफै
1;सबैसँग
3;स्मृतिको
1;मानसपटल
1;दुःखसँगै
1;उदाउँथ्यो
2;थाह
1;पस्थ्यो
1;अगेनासम्म
1;नाच्यो
1;अभावको
1;छाप्रासँगै
3;थुप्रै
1;बगे
1;झुपडीसँगै
1;आसाहरू
1;मक्किए
1;ढले
1;खोजिरहेँ
1;जुनकिरीको
1;दौडिएर
1;रमाएँ
1;डाइस
1;खोप्पी
1;खेलेर
1;बाल्यकालमा
1;मिठाईका
1;खोललाई
1;वेला
2;पढेँ
1;माटोलाई
1;यातनाले
1;मक्किएका
1;हाडहरूसँगै
1;सजाएको
1;अनेकन्
2;फुल्छन्
1;माटोमाथि
2;चिच्याउँदै
1;बर्बरताको
2;बाँचिरहेछु
1;बाबाहरूका
2;पुराना
1;बरबराउँछु
1;आमाहरूका
1;मुजा
3;निधार
1;छोराछोरीका
1;दबाएर
1;निराशा
1;परदेशिएकोछ
2;सक्दो
1;एपोकली
1;भ्यान्टेलेन
3;डे
4;स्कुलको
1;झोला
2;स्याँ
1;भ्यान्टे
1;नातिले
1;भन्दैथ्यो
1;भ्याण्टेलेन
1;मनाको
1;उसैले
1;सुनाएको
1;असी
1;गरुन्जेल
1;जुनीभरि
1;लाको
1;मोडहरू
1;घामछाया
1;सङ्घर्षका
1;सुखमा
1;दुःखमा
1;भिजेका
1;परेली
3;जम्मै
1;कथाहरू
1;भन्नुपर्ने
1;साहुको
1;ऋणसित
7;प्रेमको
1;सौदा
1;जोडघटाउमा
1;वर्षभरि
1;खेतमा
1;कुटोकोदालो
1;चलाउँदै
1;यायावरीय
1;पालेको
1;साहुकै
1;लिलामी
1;व्यथा
1;हिक
1;हिकहरू
1;ओकलेर
1;विश्वबजारभरि
1;फिँजाउनु
1;उहिले
1;नछरे
2;प्रेममा
1;खोट
1;महिनामा
2;बिहे
1;आजैदेखि
1;लिभिङ
1;टुगेदर
1;सुत्केरी
1;साइत
1;न्वारनको
1;भोलिपल्ट
1;छोडपत्र
1;ब्रेक
2;अप
1;केजाति
2;लाग्दैछ
1;भ्यालेन्टाइनसँग
1;साटिँदैछ
1;रहेसम्म
2;शोक
2;उत्सव
1;मनाइँदैन
1;मरिसक्यो
1;स्नेही
1;शवमाथि
2;थुँगो
1;वर्षमा
1;श्राद्ध
2;प्रेमकै
1;अभावमा
1;वर्षैभरि
1;तनावग्रस्त
1;थालेका
2;निः
1;नबोलेर
1;बजारु
1;विज्ञापनबिनाको
2;सदाबहार
1;उकालीको
2;देउरालीमा
2;पुग्दा
1;फेदीको
1;चौतारीमै
1;हुन्थ्यौ
2;गर्छौ
2;हिँडौँ
1;टोपल्थेँ
1;निहुरिएर
1;मुस्काइदिन्थ्यौ
2;तिमीमा
1;देखे
1;छिल्लिएका
1;गर्लान्
1;उस
1;समयआजजस्तो
1;लभ
2;यु
1;नभन्नु
2;बेग्लै
1;दोहोरो
1;बोलचाल
1;नभई
1;दफ्तर
1;हेर्थ्यौ
1;शब्दले
1;नबोली
1;बोल्थे
2;आँखैले
1;आउनु
1;भन्थ्यौ
1;भन्दिन्थेँ
1;रोश
2;भ्यालेन्टाइन
1;जताउन
1;पुग्थ्यो
1;डिल
1;डिलमा
2;गुलाफका
2;बोटहरू
1;रोपेको
1;लाएर
1;तिनलाई
1;गर्थ्यौ
1;रोपेका
1;कत्रा
2;फुले
1;हिसाब
1;बोटबाट
1;थुँगा
1;जोडीलाई
1;बाँड्न
1;पुग्दो
3;धुपी
3;भरिलो
5;हिउँ
1;झरिलो
1;ठन्डी
2;हुस्सु
1;ढुस्से
1;सहन्छु
1;बर्सोस्
1;गल्दै
1;नगल्ने
2;चले
3;हुरी
2;वृक्ष
1;नङ्गिएर
1;रङ्गिएर
1;तराइभरि
1;खस्छ
1;उतिकै
1;दरी
1;बाङ्गो
1;चल्छ
1;छँदै
1;आँकुरामा
1;देख्यो
1;उदाङ्गो
1;बिग्रियो
2;डाल
2;घारी
1;स्वयम्
1;हृष्टपुष्ट
1;बनेँछु
3;कसैबाट
1;नमिल्दै
1;करिलो
1;मलै
1;जल्लिएको
1;देखियो
1;थलै
1;सम्मिएको
1;कावा
2;चुम्छु
1;हुरीकै
2;गुम्छु
2;आठ
3;मास
1;धरा
1;वास
1;रहेकै
1;बाह्रै
1;बहन्छु
2;फर्क
3;लाली
2;चढ्छु
1;नासे
1;बढ्छु
1;सुरिलो
1;खिरिलो
1;धैर्यवान
1;चुरो
1;अग्नि
1;ज्वाला
1;मट्टितेल
1;सरिको
1;आङ
1;सत्र
3;सहारा
1;पखेराहरूमा
2;लतावृक्ष
1;गाछी
1;रहे
1;स्वरूप
1;पालुवामा
2;पर्खी
1;नयाँपन
1;त्वाँलो
1;सिउँदोमा
1;भरेकी
1;उनीलाई
1;कोरेकी
1;गुलाफबाट
1;चोरेकी
6;उनकै
1;जानी
1;नजानी
1;सारी
1;बेरेकी
2;गलामा
1;भिरेकी
1;सुनकेस्री
2;केस
1;लाछामा
1;घेरेकी
1;स्वर्गबाट
1;झरेकी
1;सरेकी
1;अनमोल
1;छरेकी
1;सोमबारे
1;व्रत
2;बसेकी
2;मुटुको
1;पसेकी
1;दिलकै
1;रचेकी
1;महादेव
1;ठानेकी
1;जुनीको
1;सहयात्री
1;मानेकी
1;चुराले
1;बानेकी
1;शब्दमा
1;ठ्याक्कै
1;लगनगाँठो
4;साक्षी
1;त्यसैभित्र
2;नकसिने
2;गाँठो
2;कस्न
1;मोडिन्छौ
1;मोडिन्छु
1;फर्किहेर्छु
3;बस्छिन्
2;जाती
1;आघातमा
1;साहसी
1;विश्वासघातमा
1;दिनभरि
1;हेर्छौं
4;रातभरि
1;भोग्छौँ
1;सम्बन्धका
1;आफैँभित्र
1;लगनगाँठोभित्र
1;चरित्र
2;बढी
1;परिपूर्तिको
1;निःशुल्क
1;भोजन
1;होडबाजीको
1;प्रतिष्ठाको
1;ओजन
1;बेचिएर
1;मभित्र
1;पस्छिन्
1;बहुमूल्य
1;त्रासमै
1;मूल्यले
1;तिर्न
1;चलनचल्ती
1;दायित्वकै
1;नामले
1;भस्म
1;कुरीति
1;कुसंस्कारको
3;ओढेर
1;दृश्यहीन
2;तिरस्कार
1;देखावटी
1;गोडेर
1;संरक्षणमा
1;मक्ख
1;परिरहन्छिन्
1;सल्लाहमा
1;गरिरहन्छिन्
1;उखान
1;टुक्का
1;अन्धविश्वासले
1;कलङ्कित
1;बाट
1;बराबरको
1;लगनगाँठोमा
1;लागेकी
1;आफ्नीलाई
1;कस्छिन्
1;साझेदारमा
1;वेदै
2;शास्त्र
12;महा
1;सद्ज्ञानमा
1;स्तूतीमा
1;रमने
1;जानेर
1;ऋग्वेदमा
1;शुक्लै
3;सुज्ञान
6;जगको
1;यज्ञादि
1;स्रोत्शास्त्रमा
1;सङ्गीतै
1;छस्रोत
1;साम्वेदमा
3;विज्ञानै
1;प्रविधी
1;अथर्व
4;स्रोतै
3;वेदमा
1;वेदैमा
1;कर्मैकाण्ड
1;पढोस्
1;सङ्गीतको
1;स्रोतमा
1;स्तूती
1;प्रार्थनमा
3;ज्ञानै
1;वैदिक्
1;व्यास
1;तबको
2;गीता
1;कर्मै
1;योग
1;सीपै
1;रामायण्
2;काव्य
1;आदर्शमा
1;माहाभारतमा
1;राज्नीति
1;विश्वै
1;मत्स्यै
1;कूर्म
1;वराह
1;नारद
1;शिवै
1;ब्रह्माण्डदेवी
1;मार्कण्डेय
1;भागवत
1;वैवर्तमा
1;लिङ्गैवामनस्कन्द
1;विष्णुपदमै
1;ब्रह्मै
1;वंशमा
1;अश्वैघोष
1;कालिदास
2;सम
1;दण्डी
1;रिमालै
1;शेक्पीयर्
1;इलियड्
1;भरत्मुनि
1;वाणै
1;साहित्यमा
1;रोमीयो
1;जुलियट्
1;नाट्य
1;ओडीसि
1;वड्स्वर्थमा
1;पूर्वैपश्चिम
1;चर्चितै
1;प्रसादै
1;शुद्धै
1;व्याकरणै
2;काव्यै
1;साङ्ख्य
1;निबन्ध
1;ज्योतीष
1;अस्तित्वमा
1;पढौँ
1;उपनिष्
1;गम्भीरमा
1;आकाशै
1;प्रकृती
1;जनका
1;भोगै
1;लाभै
1;मोक्ष
1;प्राचीन
1;नामै
1;प्रबन्ध
1;उपन्यास्
1;न्यायै
1;थन्क्यायौँ
1;षटदर्श
2;जगतमा
1;वेदान्तमा
1;अम्मर्
1;कोश
1;रिमाल
1;मित्रादिमा
1;सम्पदा
1;हर्दम्
1;ल्याटिन्
1;ग्रिक्अनि
1;संस्कृतै
1;जननि
1;कान्छो
1;बानि
1;बसाल्नु
1;माधुर्य
1;समेट
1;सौन्दर्यमा
1;अबको
5;पाइन्छ
1;पना
1;विषयै
1;नभूल
1;विश्वैमा
1;स्रोत
3;पूर्वीय
1;बिहानीसँगै
1;रक्तिम
2;छर्दै
1;भाषामा
1;छन्द
1;माधुर्यको
1;उदाएथ्यौ
1;आषाढ
1;गते
1;उमार्दै
1;लेखियौ
1;वरदपुत्र
1;व्यञ्जनहरूमा
1;जल्दछ
1;वरदान
1;पुजिन्थ्यौ
1;धरातलभरिमा
1;श्रेष्ठ
1;पढिन्थे
1;गुणगानहरू
2;भाकाहरूमा
1;सुनिन्थे
2;अक्षरहरू
1;दिनका
1;कुनाकुनाहरूमा
5;भानु
5;जयन्ती
1;नवयुगको
1;शुभसन्देश
1;सृष्टिका
2;नवीन
1;आस्थाहरूमा
1;सुनिन्थ्यौ
1;भावका
1;छन्दहरूमा
1;रम्दथ्यो
1;कवयित्रीका
1;मनमन्दिरहरूमा
2;ऋतु
1;ढल्किएपछि
1;गृष्म
1;लीला
1;फर्किएपछि
4;आफ
2;से
1;फुर्दथे
4;कविताका
1;पङ्क्तिहरू
2;बोल्दथे
1;गाउँदेखि
1;सहरसम्म
1;सहरदेखि
1;फुल्दथे
2;वसन्ती
1;वनझैँ
1;सुनाखरीहरू
1;कल्पनाका
1;धाराप्रवाह
1;सिर्जनाहरूमा
1;करुणा
1;रसका
1;रामायणका
1;कोकिल
1;कण्ठ
2;विभूति
1;आस्थाहरू
1;सेक्सपियर
1;मिल्टनहरू
1;विरासत
1;अस्ताइसकेका
1;देवकोटा
1;मोतीरामहरू
1;एक्काइसौँ
1;शताब्दीका
1;बिपनाको
1;देख्दै
1;स्मरण
1;रहोस्
2;पुर्खाका
1;पुर्खा
3;कुर्सी
1;तान्छौँ
1;सम्झन्छन्
1;रावणको
1;वध
1;गराएर
1;विजयको
1;सुनाउने
1;बधूशिक्षामा
1;बधूलाई
1;उपदेशका
1;सुनाउँथ्यो
1;जवानीमा
1;सीताको
1;प्रेमप्रमोद
2;सिकाउने
1;पश्चिमी
1;प्रभावका
1;शिखण्डीहरूले
1;मेट्दै
1;शालीन
1;मूर्तिका
1;आवरणमा
1;मधुरो
1;चित्रजस्तो
1;सावित्री
1;सत्यवानको
1;प्रेमकहानी
2;विषाक्त
1;पारे
1;धर्मयुद्धमा
1;चक्रव्यूहमा
1;पारिएको
1;पाण्डव
1;पुत्र
1;अभिमन्युजस्तो
1;यात्रुका
1;सहजतामा
1;पुजिने
2;डाँडाको
1;बरी
1;भाषाका
1;शक्तिका
1;वृहस्पति
2;बिहानको
1;सुरश्मि
1;उदाउँदा
1;जीवनलीला
1;अबलाहरू
1;विम्बहरूका
1;इन्द्रियहरूमा
1;अडिएर
1;भोलिका
1;बिहानहरू
1;सम्झाउने
1;सपनाहरूमा
1;धावा
1;बोलिँदै
1;पुस्तान्तर
1;विवेकहरूमा
1;झर्दछौँ
1;पालुवाले
1;झार्छ
1;आउनेहरूजानेहरू
6;आउनेहरू
3;लाउँछन्
2;स्मृतिमा
2;सुदूर
3;विलीन
4;जानेहरू
4;हिँडी
6;दिउन्
1;मधुशालाको
1;चुमी
1;गुलाबी
1;अधरहरू
1;पारून्
1;रित्ता
1;ग्लासहरूको
1;तरुण
2;दिउन
1;किनारको
1;निषेधित
1;गरून्
2;उत्ताउला
1;जलकुम्भिकाहरू
1;आफुमाथि
1;राखिएका
1;चिसा
1;डोबहरू
1;बगिरहोस्
1;निधीवनको
3;बुझाई
2;रासलीला
1;तरुणतपसीहरूलाई
1;बजिरहोस्
1;नौरंगी
1;बाँसुरी
1;तीरि
1;रि
1;फाँट
1;रोमियो
1;जुलियट
1;मधुरता
1;लयलामज्नुन
1;सुमधुरता
1;दुश्यन्तशाकुन्तलाको
1;कोमलता
1;मुनामदन
1;सुन्दरता
1;राधा
1;कृष्णको
1;अद्भुत
1;सरगम
1;धर्तिमा
1;ठाडो
1;तारिफ
1;मनुले
2;छानो
9;ओत
1;छाक
2;दुःखको
5;नहुँदा
1;त्याग
1;चाला
2;काख
1;विलास
1;रम्छ
5;बबुरो
2;जगतका
3;माता
3;पिता
1;सुखको
1;पृथिवी
1;धर्ति
1;देखाउने
2;दर्द
1;मनुका
1;झुल्कने
1;अल्पिने
1;मनुष्य
4;सृष्टि
1;लेख्नै
1;चलाउने
1;ब्रह्मा
2;विष्णु
1;अडिन्छ
1;गुरू
1;हर्ता
1;कर्ता
1;कर्मपद्धति
1;ज्ञाता
1;महापुरुष
2;घरबारी
1;बाहिरिनुको
1;मामामाइजू
1;भिनाजु
1;लगायत
1;आफूभन्दा
1;ठुलाबडासँग
1;भूमिबाट
1;दिँदैन
1;आएसी
1;नेपालका
1;साथीले
1;तिमीहरूको
2;पुर्ख्यौली
2;थलो
1;आउँछौ
1;अकमक्क
1;उत्तरमा
1;कुराहरूमा
1;अनभिज्ञ
2;अहिलेसम्म
1;भूटानबाट
1;लखेटिँदा
1;कोहीबाट
1;सोधाइको
2;सोचिरहन्छु
1;थलोमा
1;सन्तानलाई
1;राखियो
1;हजुरबा
1;कुप्रा
1;हजुरबाहरूले
2;नङ्ग्रा
1;खियाएर
1;खाँबा
1;बनाएका
1;साँचेका
1;शिविरको
1;सङ्कुचित
1;दायरामा
1;प्रश्नहरू
1;उब्जिन्छन्
1;विदेशमा
1;आफ्नू
1;लिपिँदैन
1;छुँदैन
1;रोटेपिङ
1;टीका
1;सिउरिने
1;जमरा
1;मिलीजुली
1;खान्छौँ
2;खेली
1;चाडबाड
1;चढेँ
2;रङ्गहरूसँग
4;रङ्गहरू
1;बगैँचाको
1;पोखिँदै
2;जाँदै
1;छुपोखिँदै
1;आफैसँग
1;दुखेर
2;कुटुक्क
1;स्तब्धतालाई
1;भङ्ग
1;चिच्याउँछु
3;टुप्लुक्क
1;हताश
1;निराश
1;ओठ
1;थर्थराईरहदा
1;भाइले
1;रगतका
1;घव्वा
1;खुट्टाका
1;चेपमा
1;देखाइरहेको
1;पोतिएछ
1;रङ्गिँदै
1;पिडाले
1;खाग
1;आइपुगिन्
2;गुन्युको
1;च्यार्रर
2;च्यातेर
1;फ्याँकिदिँदा
1;टुक्रामा
1;क्यानभास
1;मान्दै
1;क्यानभासलाई
1;पुण्यको
1;बर्बराईरह्की
1;खोजी
1;दबिएको
1;चोइटिएर
1;टुक्राटुक्रा
1;इन्द्रेणीका
1;रातलाई
1;हट्दै
1;आकृतिहरू
2;हराउँथे
1;अन्धकारको
1;भुमरीमा
1;धकेल्दिए
1;निसास्सिएर
1;ताराहरूसँग
1;घण्टौँ
1;गर्थेँ
1;गोठबाट
1;गाईहरूले
1;हेरि
1;रहन्थे
1;गाईहरूलाई
1;भक्कानियो
1;रसायो
1;आशुमा
3;भिज्दै
1;चिच्याउँथे
1;नछुने
3;उसै
1;पोखिएँ
1;आजको
1;लेख्दैछु
1;चाहन्थेँ
2;रोमान्टिक
1;टाउकै
1;माथिबाट
2;उडेको
1;मायालु
2;चराको
1;सरर्र
1;बहँदै
2;बसन्ती
1;टाकुराको
1;सल्लाको
1;युवायुवतीहरू
1;कुराले
1;मदहोश
1;कामुक
1;बहने
1;आउँथ्यो
1;केसराशी
1;अनुहारभरि
1;हृदयभरि
1;मादकता
1;भर्थ्यो
1;इन्द्रको
1;बाटिकामा
1;कम्मर
1;मर्काउँदै
1;गरेकी
1;उर्वशीलाई
1;टोहोलाउँथे
2;कोट्याएर
2;माछा
1;मुस्कुराउँथ्यौ
1;समुद्रमाथि
1;उडाएको
1;शरीरले
1;वहन
3;गरिरहेको
1;मुटुले
1;भोगेको
4;चिताको
1;ज्वालो
1;रुझेका
1;प्रदूषणहीन
1;भइदेओस्
1;दब्यो
1;भासियौ
1;समात्न
2;समुद्री
1;प्रचण्डतासँगै
1;हुत्तिएँ
3;शरीरबाट
2;बेजोडसँग
1;ग्यास
1;निस्कँदै
1;मनैले
1;नियालेँ
1;जल्दै
1;जम्यो
1;पराभौतिकीसँग
1;वैज्ञानिकहरूले
1;छलेका
1;यतिन्जेल
1;तापमान
1;वृद्धि
1;ध्रुवीय
1;हिमपिण्डको
1;पग्लाई
1;गृह
2;ग्यासहरू
1;झुटा
2;पर्माफ्रोस्टको
1;अनन्तताभित्र
2;हरायौ
1;जलेको
2;हावामा
3;माटोमा
1;मिल्यो
2;निस्किएका
1;वायुमण्डल
1;सुतिरहेकीछ्यौ
1;अचलायमान
1;मुस्कुराए
1;सगर
1;डढेको
1;स्वाल्बार्डको
1;टापुमा
1;पग्लँदै
1;हिउँमा
2;काम्दै
1;हिमभालु
1;माउन्ट
1;पिनाटुबो
1;विस्फोटन
1;पश्चातको
1;सूर्यास्त
1;उठ
1;उत्तरध्रुवीय
1;छाम्न
1;खेलाउन
1;उड्दै
1;हिमपातसँगै
1;बगाउने
1;टोहोलाइरहेको
1;आइपुगेकी
1;क्यानडाको
1;हार्सचेल
1;टापुबाट
1;वृद्धा
1;भ्रममा
1;पग्लनेछ
1;निस्किने
1;चिहानभित्रका
1;पितापुर्खाका
1;चीत्कारसँग
1;भागिरहेछु
1;कालदेखि
1;भाग्ने
2;तयारी
2;लासलाई
3;यसले
2;अनिष्ट
1;रोटी
1;मुछेको
3;गलेको
1;झर्न
1;वृद्धाले
1;लासले
2;चीत्कार
2;काँपिरहेको
1;बग्यौ
1;चिरिएँ
1;हीनताबोधले
1;किङ्कर्तव्यविमूढताले
1;भयलेत्रासले
1;बिम्ब
3;मङ्गल
1;ग्रहको
1;सुविधा
1;सम्पन्न
2;प्रयोगशालामा
3;पृथ्वीको
2;जलवायु
1;नमुना
2;कोर्दैछु
1;सहकर्मीहरूले
1;वर्षको
1;भगीरथ
1;प्रयासबाट
1;समुद्रीतलसम्म
2;कोरलको
1;चट्टानको
3;खण्ड
1;ल्याएछन्
1;भरिए
2;कोरलमा
1;अक्सिजन
1;आइसोटोपहरूको
1;तुलनात्मक
2;अध्ययनबाट
1;गह्रौँ
1;धातुको
1;रेडियोधर्मी
1;क्षयको
1;भेटिरहेछु
3;रसायन
1;गर्यौ
1;कार्य
1;गर्नुछ
2;शरीरको
1;कणकण
1;बितेका
1;करोडौँ
1;वर्षहरूमा
1;सकेन
1;अङ्गप्रत्यङ्ग
2;नङ्ग्याएर
1;पृथ्वीमा
1;प्रमाणित
1;कमसेकम
1;हिमयुगहरूको
1;उतार्नु
1;करिब
1;लाख
1;वर्षअघि
1;हिमयुगको
1;गतिकी
1;लगाउनु
1;वर्षपछि
1;भेटिएकी
1;बाँचेकी
1;ग्रहमासमेत
1;छङ्छङ्
1;छहराले
3;समुद्रको
1;अम्लीकरण
1;विस्फोटक
1;मत्स्य
1;आदिको
1;एम्बुसबाट
1;मर्दैछ्यौ
1;तापेर
1;रक्तरञ्जित
2;पाउको
8;साब
1;बढिरहेछ
1;राप
2;खुट्टाको
1;उपचार
1;भइहाल्छ
1;जहाँबाट
1;दर्दको
2;ज्वालामुखी
1;दन्किरहन्छ
1;उपचारमा
1;संलग्न
4;निको
1;अभिलासा
1;पीडादेखि
1;रुँदिन
1;जस्तोसुकै
2;डराउँदिन
2;चिच्याएर
2;कराउँदिन
1;खोलो
1;खोलोमा
1;मिसिएर
1;हराउँछ
1;माछालाई
1;निलेर
1;माछाले
1;दर्दमा
1;एकाकार
1;खुट्टामा
1;दन्किँदो
2;चिरफार
1;लगाऊ
1;दुखिरहेको
1;पहिचानमा
1;मलम
1;निकालिदेऊ
1;निरङ्कुशलताले
1;गाडेका
1;किला
2;तिनका
1;अवशेषहरू
1;हटाइदेऊ
1;विवशता
1;अकर्मण्यताले
1;भिराइदिएका
1;भविष्यहरू
2;पाउले
1;छातीभरि
1;विश्वले
2;नेपालीभाषी
1;चिन्ला
2;गर्वले
1;चुक्दिन
1;झुक्दिन
1;गोडालाई
1;चिर्छौ
1;चिच्याउँदिन
1;शकुनीको
1;छाडिसकेँ
1;वैरीको
1;टाढिइसकेँ
1;काटिसकेँ
1;आत्तिनु
1;कमाउँदै
1;पाउ
1;घाउले
1;सेक्छ
1;दुख्दैन
2;विडम्बना
3;सक्दैनौ
5;छाती
4;उपाय
1;सिक्न
1;नत्र
1;मुस्कुराइरहेछौ
1;गोडाको
3;शल्यक्रिया
1;पाउहरूले
1;पाइतालाहरूले
1;गर्वका
1;टेक्नलाई
1;नीद
1;चोरेका
1;बुझ्दै
1;आँकुराहरू
1;साउती
1;आउनेछ
1;काढेर
1;झ्याउँझ्याउँ
1;गरिराछन्
3;सपनाका
1;पालनपोषण
1;झिँजो
1;नमानी
1;बिताइरहेछु
1;धरातलको
1;टुटाएर
1;बन्ध्याकरण
1;गरिदिऊँ
1;स्पात
2;नहुँदो
1;बाँझोमाथि
1;मच्चाउने
1;छादेको
1;हृदयाघातको
1;नाच्नेहरूलाई
1;बधाईशुभकामना
1;दिन्थेँ
1;भकुन्डे
1;मैदान
1;प्रलयलाई
1;गर्नै
1;अठोट
1;साधनाको
1;भ्रूण
1;साधना
1;पसल
3;आकाशले
2;रुवाइ
1;दुखाइ
1;कठिनाइ
2;गन्दैन
1;घाउको
1;शीतलतामा
1;हिमपात
1;वर्षातमा
1;बबन्डर
1;हरिकेन
1;विस्फोट
1;रुवाइले
1;बाँदर
1;उठीउठी
1;खुवायौ
1;बँचायौ
1;जान्दछु
1;कमाउँछु
1;बनाउँछु
1;संरक्षक
4;मालिक
2;बुझ्दैन
1;पुछ्न
2;उठाऊ
1;पाखुराहरूमा
1;खुँडा
1;खुकुरी
1;त्रिशूल
1;भाला
1;शङ्ख
1;चक्र
1;डमरु
1;तलवार
1;रोइसक्यौ
1;दुखाइलाई
1;कुल्चिँदै
1;मान्दैछ
1;पासो
1;फ्याँक्दैछ
1;भिरबाट
1;किनार
1;बालुवामा
1;गाड्दैछ
1;रगताम्य
1;झाडीमा
1;फ्याँकी
1;मरीमरी
1;हाँस्दैछ
1;घाउमा
1;किरा
1;स्याउँस्याउँती
1;पाकेर
1;पिप
2;पुरै
1;ढाक्यो
1;मनाउँदैछ
2;लिन
1;चेपबाट
1;हिमालको
1;टाकुराबाट
1;सतहबाट
1;झर्नाको
1;वेगबाट
1;तराईको
1;फाँटबाट
1;कठिनाइले
1;पिसाचको
1;अप्ठ्याराहरू
1;परुन्
1;कुम्भकर्णझैँ
2;हेरी
1;खित्का
1;छोड्दैछ
1;खिल्ली
1;उडाइरहेछ
1;दर्दबाट
1;कारुणिक
1;विकराल
1;जगटा
1;नङ
2;धुलो
1;धुवाँ
1;हटाएर
1;तोडेर
2;तिमीबाट
1;निस्केको
1;बज्रको
2;कानको
2;जाली
1;भत्काउनु
1;सुनिस्
1;सौम्य
1;प्रेरक
1;सिर्जना
1;धागो
1;उडाउँदै
1;बाफदार
1;कुरासँगै
1;पिउँदै
1;इज्जतमाथि
1;थपडी
1;पलले
1;सताउने
1;दुख्न
1;तस्बिरले
1;बोलायो
1;सम्झिनु
1;सन्ध्या
1;मस्काउँछ
1;हाँगापातहरू
1;रहन्छन्
1;चिरबिरे
1;आवाजसँगै
1;तीता
1;वेगसँगै
1;झ्यालनेर
1;ढोकाको
1;छेउनेर
1;पर्खिरहने
1;नतर्सिनु
2;सम्बन्धको
1;पर्नै
1;छायाले
1;छायाको
1;रमाइरहेकी
1;हुनेछौ
1;माउले
1;खोजे
1;हराउँछौ
2;आफन्तको
1;आफन्ततिर
1;बैँसमा
1;ओढेका
1;सिरक
1;उमेरमा
1;सम्झिनेछौ
1;लट्ठीको
1;छहारीले
1;अटुट
1;टाढिएको
1;आओस्
2;बदलीबदली
2;नाट्यशालाको
2;फट्कार्छ
3;जिब्रो
2;भएझैँ
2;अजीव
2;आरोपी
1;सताइरहेछ
1;महिनौँदेखि
1;मारी
1;अदालतमा
1;दिएसरि
2;पेस
1;उभ्याउँछु
1;लिन्छ
1;मृतात्माको
1;बोल्नै
1;उससँग
1;फुर्सत
1;हतारोमा
2;बोल्छ
1;हाँडीमा
1;पड्के
1;बोलिसक्यो
1;ठेली
1;तुहिसक्यो
1;महामहिम
2;भनिनँ
1;माननीय
2;बन्छु
1;अमुक
2;दर्ज्यानी
1;खोजिनँ
1;चुहाइनँ
1;रोटोमै
5;जन्मेको
1;गिट्ठाभ्याकुर
1;लहरिएको
1;वेश्यालयमा
1;अबला
1;कुमारीलाई
1;निमोठेझैँ
1;नङ्ग्याइयो
1;खट्कुँलामा
1;भतेर
1;पाक्यो
1;धेरैका
1;चिन्ह
1;थपिए
2;रुखका
1;बेमौसमी
1;झुलेझैँ
1;कायरको
1;फक्रियो
1;छुट्टिँदा
4;घरी
1;बगिरहेछु
1;उड्छु
1;श्वेत
1;दुहिन्छु
1;लैनो
1;झस्क्याउँ
1;कार्यक्षेत्रमा
1;देखिरहेछ
1;तमासा
1;व्याप्त
1;होडबाजी
1;वस्त्रको
1;फेर्न
1;छेपारोले
1;ओहोदाको
1;छतमा
2;टेक्न
1;चाप्लुसीको
1;लिस्नु
1;चढ्दै
1;नमच्चिने
1;पिङमा
1;हुइँकेको
1;पिँधिँदैछन्
1;मकैसँगै
1;निमुखा
1;घुन
1;बेचिन्छ
1;हलुङेको
1;भाउमा
1;महलमा
1;सुन
1;हिरामोती
1;सरह
1;बेसी
1;अधमरो
1;बाँचिरहँदा
1;महलबाटै
1;बिक्री
1;बजारमा
1;फत्फताउँछ
2;शासकहरूले
2;जमिन
2;लुटे
1;बुबालाई
1;गिरफ्तार
1;हाले
1;औँठा
1;छापलाई
1;जलाए
5;नम्बर
1;नम्बरमा
1;छुटाइदिए
1;च्यातिदिए
1;निशानी
1;औँलो
1;काली
2;खोलामा
1;बगाइदिए
1;माछो
1;नाउ
1;चरो
1;बग्दैबग्दैबग्दै
1;स्क्रिनहरूमा
2;क्रूर
1;शासकहरूको
2;थम्स
1;दिइरहेको
1;चेहराको
1;रोगन
1;उडेछ
1;वसन्तका
1;रेखाहरू
1;कोरिएछ
1;पोतिने
1;ढाकेछ
1;ढलेछ
2;केश
1;फुलेछ
1;ढल्दो
1;जोबन
1;झर्दो
1;सतिसाल
1;उभिँदो
1;सल्ला
1;बाह्रमासे
2;रहँदो
1;भुइँचम्पा
1;मगमगाई
1;फुल्या
1;कञ्चनजङ्घा
1;टल्क्या
1;सकुशल
1;दिग्भ्रमित
1;रै
1;रातको
1;पर्खेर
1;रहेछिन्
1;कपालको
1;फेर्दै
1;खोसेलामा
1;सुर्ती
1;बेर्दै
1;तिसौँ
1;सकेछ
1;चिन्दिन
1;जन्मभूमिको
1;माटोले
3;मलाइ
1;चिन्छ
1;चिन्दैन
1;बनाइरहेछ
1;औँलाहरू
1;पुर्पुरो
1;कन्याइरहेछ
1;पराइ
1;मौकै
3;रातै
3;भरि
1;डरलाग्दो
1;मेसिनसँग
4;ठोक्किएर
1;गाडीको
1;रहेँ
1;मुक्तस्वतन्त्र
2;सम्झिरहेँ
2;बाल
1;बच्चाको
1;सँगसँगै
1;सम्झिरहँदा
1;गह्रुङ्गो
1;चौतारी
2;वर्क
2;हार्ड
2;गेट
2;मनी
1;झसङ्ग
1;झस्कायो
1;गुन्जी
1;मास्क
1;बाँधेको
1;पुर्खाभूमि
1;बेल्डाँगी
1;सेक्टर
1;B4
1;केन्टकी
1;विस्परिङ्ग
1;हिल
1;नम्बरहरू
1;क्रमशः
1;सिमेट्री
2;सिमसिम
2;परिरहेछ
10;छाता
1;बहिनीहरूले
2;साथीको
2;छातामा
2;बिसिएला
4;आत्तिएको
4;नसुतेको
2;अनिदो
8;जाँच
2;बिगार्ला
1;पिताजीले
2;भालेको
2;डाकमै
1;ब्युँझाएको
1;ब्युँझिएदेखि
2;लगातार
2;घोकिरहेको
1;अर्धवार्षिकमा
2;अङ्क
2;नआएर
6;फेल
2;ल्याउनुपर्ने
2;बिसेक
2;नभएपछि
2;भन्छिन्
4;जा
2;छिन
2;पर्ख
2;थप्छिन्
2;नजाने
2;नगएर
2;गर्दि
2;रछु
2;झर्कन्छु
6;मानेको
2;छुटाउनु
4;कार्डबोर्ड
2;अको
2;पातको
2;गोजीभित्र
2;फाउन्टेन
2;पेन
1;स्कुलतर्फ
1;झरीको
2;तागतलाई
2;रोक्ने
2;निथ्रुक्क
2;झोक्काले
2;भाँच्न
2;पातले
2;बनेकोले
2;अझसम्म
2;चुनौती
2;रतुवा
2;तर्नुपर्ने
2;बडेमाको
2;डुङ
5;फड्के
2;भएभरको
2;हान्छु
1;भँगालै
2;नाघ्न
4;सामर्थ्य
2;पानीमा
2;चुम्लुङ्ग
2;हठात्
2;निस्कन
2;तलसम्म
2;बग्छु
1;खोलाहरू
2;बटारिएर
1;भँगालाहरू
3;ठक्कर
2;खाँदै
2;बढ्ने
1;बाल्यावस्था
3;उस्तैउस्तै
2;कपालबाट
2;तपतप
2;झरिरहेको
2;नाकबाट
2;चुहिरहेको
2;बालुवा
2;बिझाइरहेको
4;मुसो
2;भिजिरहेको
2;नजिकै
2;गृष्मको
2;जाडोमा
4;न्यानोको
2;बसेका
1;चराचुरुङ्गी
2;उभिरहेका
2;विद्यार्थीहरू
4;ह्वार्र
2;छरपस्ट
2;चासो
2;अनुभव
2;झरिरहेका
2;बाछिटाले
1;सुरुवाल
2;भिजे
4;बतासले
2;कपाल
2;सुकाउनु
2;कस्ता
1;सोध्लान्
1;त्यसमाथि
4;गेटबाट
12;जोङ्खा
12;लोपेन
2;भएतिर
2;दौडेर
3;फिट
2;हात्तीका
2;तिघ्रा
2;गर्विन्थ्यो
2;दौडँदा
4;लागेथ्यो
2;महारथी
2;आँखाभरि
2;आक्रोश
2;दुस्मनको
2;ताकेर
4;अगाडी
2;बढिरहेछन्
2;निशानाको
2;लात्तीमा
2;पछारिन
3;पाउन
2;कलिलो
4;झापड
1;बर्सन्छ
4;हिलोमा
2;घोप्टो
4;पछारिन्छु
2;सर्टमा
2;तुर्लुङ्ग
2;गोल
2;खेले
2;बज्रन्छ
2;भाग्न
2;सास
1;होसमा
1;क्लास
2;क्याप्टेन
2;बानियाँ
2;गनगन
2;गरिरहेथे
3;भ्यागुतो
2;कुटाई
2;उठाएर
2;शानका
2;लमक्कलमक्क
2;पस्दै
2;जिते
2;छेदन
2;दिउँसोको
2;जाँचको
1;ओसिएका
1;पुज्छु
1;टकटकाउँछु
2;टिप्छु
2;सोच्दै
4;तर्फ
2;सुस्तरी
2;लम्कन्छु
1;बलेँसीको
2;ओतबाट
4;भोले
2;लम्किरहेका
1;न्यूजिल्याण्ड
1;हुस्सुले
1;हुस्सुलाई
1;वर्षौं
1;अघिदेखि
1;सोध्दै
1;माझीको
1;जालमा
1;प्याकप्याक
1;चिलको
1;पन्जामा
1;छटपटाइरहेको
1;सिंहको
1;नजरदेखि
1;भाग्दै
1;हरिण
1;भनौँयुद्धमा
1;बूढी
1;लक्काजवान
3;नबुझेको
1;छुटाएको
1;उब्जनी
1;बेँसीको
2;बतास
1;चल्ने
1;चौतारीजस्तो
1;मुट्ठी
1;घाराघुरा
1;निकाल्ने
1;मधानी
1;उचाइदेखि
1;झर्दा
1;गोधुलीमा
1;चिरबिराउँदै
1;फर्केका
1;तालीले
1;गुन्जायमान
1;आफ्नाहरूको
1;सभा
1;बोक्दा
1;पटपट
1;गरिब
1;नागरिकको
1;कुर्कुच्चा
1;सल्ल
1;खोलालाई
1;नराख्ने
1;आगोलाई
1;अक्षरलाई
1;एकासी
1;झुन्डिएको
1;विख्यात
1;विद्वानहरूको
1;सोचेँ
1;देखिरहेछु
1;ब्ल्याकहोलहरूभित्रबाट
12;महरू
1;निस्किरहेछन्
1;ब्ल्याकहोलहरूभित्रतिर
1;पसिरहेछन्
2;नागासाकीहरू
1;हिरोसिमाहरू
1;हिरोसिमाहरूमा
1;अणुबमहरू
1;खसाल्छन्
1;हिटलरहरू
1;मङ्गलमा
1;पुलहरू
1;पर्खालहरू
1;खर्चेर
1;आफैँले
1;बारुदको
1;पहाडमाथि
1;सगर्व
1;खुनी
1;विचारले
1;लोहित
1;बुद्धिको
1;अमानुषिक
1;सम्झिनेहरू
2;प्राय
1;रुपमा
1;अभिनय
2;हतियार
1;रेट्न
2;यती
1;भोगिरहेको
1;हिट्लरहरूको
1;बेमौसम
1;खोज्दैछु
1;महत्मा
1;गान्धीहरू
1;गौतम
1;बुद्धहरू
1;जिजस
1;क्राइस्टहरू
1;बिलकुल
1;सम्झेकोछु
1;असत्यको
1;हिंसाको
1;लेखिनु
1;रहस्यहरू
1;मुस्कुराएको
1;बहिनीहरुले
1;दाजू
5;केहि
2;अनिँदो
6;शरिर
1;पीताजीले
1;ब्यूँझाएको
1;ब्यूँझिएदेखि
1;अर्धवार्षिकीमा
2;अंक
1;यसपाली
1;झरि
2;एकछिन
1;स्कूलतर्फ
1;झरिको
1;पूरै
3;स्कूलको
1;भंगालो
1;साथीहरुले
1;भङ्गालै
1;खोलाहरु
1;भङ्गालाहरु
1;बाल्यवस्था
1;आश
1;चराचुरुङ्गि
2;विद्यार्थीहरु
2;छरपष्ट
1;शुरुवाल
1;सोध्लान
1;त्यसमाथी
1;सातफिट
1;जोरनारी
2;दौँडदा
2;दुश्मनको
1;थहा
1;बर्षन्छ
1;पछाडीबाट
1;झुण्डाएर
1;होशमा
1;क्लाश
1;दाई
1;विस्तारै
1;घण्टि
1;ओशिएका
1;पुस्छु
1;टक्टकाउँछु
1;अघिमात्र
1;बलेँसिको
1;एकहुल
2;टाढै
1;पुगौँ
1;नौलोदेश
1;विषे
1;पवनझैँ
1;रहूँ
2;निद्राको
1;हुँदी
1;मनसधैँ
1;दौडी
2;चली
1;घुम्ने
1;वारिपारि
1;खुसि
4;तुर्सा
2;छिन्
1;धरणी
1;थेँ
2;जसै
4;तुर्साको
1;तीरको
1;स्मरणले
1;पग्लन्छ
1;मुनी
1;जलकी
1;बग्दछिन्
1;पाऊ
1;भारतमा
1;खसालि
1;कन
2;फेर्
1;तिब्बत्तकीया
1;गरिन्
1;चीसो
1;हिमजलै
1;लीएर
1;झर्दछिन्
1;लेकालीअउले
1;भरको
1;कान्ति
1;छर्दछिन्
1;हासाम्छ्यु
1;नेछ्युपाछ्यु
1;बटुली
1;लिन्छिन्
1;सघाऊ
1;क्रान्तीवेग
1;जलभरी
2;बग्छिन्
1;छचल्का
2;वारी
1;पारिचुचे
1;हेर्छन्तमासा
2;सुन्दर्
2;बाग
1;घेर्छन्
1;किनारा
1;अगम्यका
1;पखेरा
1;वन्केरा
2;लाग्दो
1;रमीता
1;गाऊँ
1;गोठकिसान
1;खेतभरिला
2;भरै
1;रकागुनी
1;कोदोगहूँ
1;फापरै
1;फल्छन्
1;बडहर्
2;आँप
1;कटहर्
1;अम्बक्
1;रसीला
1;फलै
1;सुन्तोलाअनि
1;कागती
1;खोल्सामा
1;अलैँची
1;तिनदीकिनारभरिमा
1;कस्यानी
1;गाऊँलाइउछिन्न
1;खेतीउमारेसरी
1;वसन्तमा
1;वनविषेछर्छन्त
3;वन्
1;फूलले
1;वर्षाको
1;हाँस्छ
1;साजसँगमा
1;धोबीभकिम्लो
1;वासन्ति
1;रुखभरी
1;मग्मग्
1;वनैवन्
1;पारिसुवासनावनभरीसूनाखरीलेगरी
1;सुरम्य
1;अलंकार्गरी
1;गर्जिन्छिन्तिपहाडले
1;गडगडाउँदै
1;तठक्कर्
1;फराकिलाबगर
1;छन्भीरै
1;कटीबीच
1;वेगछतिब्रको
1;नजिकमा
1;छचिसो
1;बतासपिउँदैझल्किन्छउद्यानमा
1;सामुमहाअझै
1;भर्छन्कतीले
1;तहाँ
1;रमिरमी
1;खेल्छन्
1;तीरमा
1;वैशाखी
1;वसन्तऋतुको
2;आनन्दताले
1;वारीपारि
1;न्याउलीस्वर
1;घन्काउँछन्
1;छेऊछाउ
1;निकुञ्जमा
1;काग
1;कुर्ली
1;नाच्छन
1;ढुक्कुरै
1;उड्छन्
1;गौँथली
1;चाँचरै
1;मन्मन
1;लाग्छहुन्छरमिता
1;हेर्दैलगेसुन्दर
1;जलपानगर्नछकठिन्चीसोअसाध्यैछ
1;पाइनेशरिरमारोगादिजाने
1;जललेसुतृप्तनहुने
1;भूटानमा
1;कोछ
1;उक्कालो
1;भिरैसमातिहिँड्दैगड्तीरमामानिस
1;ढाकरमा
1;तभारिजनले
1;बजारै
7;परियोडिक
4;टेबल
1;जसका
1;दिनदेखि
2;सोचिरहेको
3;महाकाव्य
1;सानैदेखि
1;हिस्सा
1;उत्साह
1;निलिदियो
1;गरिबीको
1;भूतले
1;छिनालिदियो
1;देशबिनाको
1;अतीतले
1;पुगौँला
1;युद्धको
3;पुगेको
1;कोरियाली
1;प्रायद्वीपमा
1;बल्न
2;टेबलको
1;महत्ताको
1;नगाउने
1;कल्पना
1;शास्त्री
1;बन्नु
1;असलमा
1;तथापि
1;टेबलका
3;आफैँमा
2;जिन्दगीमा
1;एकवार
1;विद्यार्थी
1;चाहनाले
1;हिँडिदिन्छु
1;पुग्नै
1;पृष्ठभित्र
1;आँटेको
1;उदयदेखिको
1;सम्भावित
1;प्रलयसम्मको
1;चन्द्र
1;ग्रह
1;नक्षत्र
1;रुखबिरुवा
1;आवास
1;खाद्यान्न
1;सिरियामा
1;रासायनिक
1;हमला
1;दशक
1;अघिको
1;हिरोसिमा
1;नागासाकी
1;अहिलेको
1;कोरिया
1;इरान
1;हिट्लरको
1;ग्यासच्याम्मबरको
1;देशका
1;निसानाहरू
1;परदेशका
1;अटालीका
1;आलिसान
1;भवनहरू
8;यहीँ
1;रुस
1;बेलायत
1;पाकिस्तान
1;चीन
1;हुङ्कार
1;मेन्डलीफ
1;बोयर
1;आइन्स्टाइन
1;प्याल्यङ्क
1;म्याडम
1;क्युरी
1;अरूहरू
1;विश्वब्रम्हाण्ड
1;निदान
1;प्रलयको
1;महागाथा
4;झोलामा
5;कहाँबाट
4;सिङ्गै
8;हालिदियो
4;हाल्दिनेले
1;औँल्याएर
1;जहाज
1;देखाइदियो
1;ओइलाएका
1;मौलाएर
1;हौसिएँ
1;चुहिरहने
1;झुपडीको
3;महल
1;भन्दियो
1;बाफिएँ
1;थैलाहरू
1;चिल्लो
1;चिल्ला
1;डलरको
1;तिजोरीहरूबाट
1;झण्डा
1;स्वदेशको
2;स्वाभिमानको
1;धरहरा
2;गएँ
1;पाखुरा
1;छामेर
1;चिमट्यो
1;सहिनसक्नु
1;परिश्रमको
2;मानो
1;उमाल्यो
1;स्वनिर्भर
1;टुस्स
2;टुसायो
1;पाखुरीमा
1;मुस्कुराउनु
1;अगेनो
1;जोर्नु
1;चाल्नु
1;दौडिनु
1;फैलिँदै
1;माथिसम्म
1;सम्भावनाहरूको
1;स्वनिर्भरता
1;सम्भावनाहरूसित
1;व्यापारी
1;राष्ट्रियता
1;च्यापेर
1;आरती
1;उतार्दै
1;ट्रान्जिटहरूमा
2;शरणार्थीदै
1;शरणार्थीएँ
1;छुट्टीको
1;पारिलो
3;काइँलो
1;जातजातिको
1;गाउँटोलमा
1;डाँडाघरे
5;नरे
1;दमाईले
1;सुनाए
1;घरघरबाट
7;मलामी
2;सागरसम्म
1;पुराएर
1;बिदाइ
1;जनालाई
1;आह्वान
1;पुराए
1;काइँलाले
2;दमाईको
1;घोप्टिएको
1;सुन्नेहरूमा
1;खिसिक्क
1;खुम्च्याएर
1;मरेछ
4;दमाई
1;दलित
1;जातीको
1;हत्त
1;पत्त
1;स्वर्गारोहण
1;भइसक्नु
2;पितृ
1;नीच
1;शोकाकुल
1;परिवारजन
2;आफन्तहरू
1;लान
1;कराए
5;आएनन्
3;कारणले
1;जातिका
2;टोलमा
1;छोइन्छ
1;अशुद्धै
1;बल्लबल्ल
2;जना
3;उठाउने
1;छेउमै
1;धूपदीप
1;राखिएकै
1;थालीमा
1;जान्ने
1;जातै
1;पढेनन्
1;जान्नेहरू
1;सिकाएनन्
6;बेलामा
2;सिकेको
1;आधारमा
1;गर्दैगर्दै
1;उठाए
1;छूतहरू
1;धेरैले
1;जानै
1;नभ्याउने
1;समुदाय
1;प्रतिनिधित्व
1;दुईतीन
1;पुगिहाल्थे
1;बाहिरको
1;गरिदिन्थे
1;पण्डित
1;गजडिया
2;छोरोले
1;झुन्डिएरै
1;गरेपछि
1;सकी
1;घरघरमा
1;आँगनआँगनमा
1;जली
3;असिना
1;पानीले
1;कुट्नु
1;कुटेथ्यो
1;थरथर
1;विकट
1;खादै
1;नकमाए
1;मर्दा
1;कमाइन्छ
1;लग्यो
1;आखिरमा
1;हरफ
1;रातोको
1;ढाक्यै
1;युगौँसम्म
2;मौसम
1;फेरिएन
1;कवित्वसंसारमा
1;ड्रग
1;इन्जेक्ट
1;बिर्सिने
1;बिर्सिएपछि
1;सुरुदेखि
1;सम्झिन
1;वर्तमानसम्म
1;आइनपुग्दै
1;जलाइएकोमा
1;लखेटिएकोमा
1;आक्रोशित
1;थाकेका
1;कविताहरू
1;थिचिए
1;पिरहरूमा
1;यातायातले
2;मुर्छित
1;हरफहरू
1;डसिएर
1;औषधी
1;छोडिदिँदै
1;यत्तिकै
1;आइ
1;सि
1;सक्लान्
8;बौलाहा
1;श्रीमतीको
1;बालबच्चाको
1;वेतनको
1;माग
1;कड्केर
1;सोध्छौ
1;बौलाइस्
6;बौलाउँछु
1;अक्कल
1;झुक्कल
1;जुधेमा
4;बौलाएको
1;मातेको
1;हिजोअस्ति
1;टक्र्याउन
1;ढिलो
1;कान्तिहीन
1;मुड्की
1;बजार्यौ
1;भन्यौ
1;पल्टिन्छस्
1;साला
7;सद्दे
1;एकदम
1;धाँजो
1;चरचर्ती
1;कुर्कुच्चामा
1;मलहम
1;दल्ने
1;राख्थेँ
1;बुझ्थेँ
1;बच्चाहरूका
1;पेटको
1;जोत्न
1;सक्थेँ
1;बिर्ता
1;पसिनाका
1;श्वासप्रश्वास
1;नियाल्नु
1;लिइरहेछु
1;धड्किरहेछ
1;रहिरहनु
1;पैतालाको
1;लगाम
1;भिर्नु
1;बौलाएकाहरू
1;आगोको
1;ज्वालासँग
1;आकारको
1;म्याग्माको
1;टाउकोमै
1;म्याग्मा
1;बौलाएर
1;अविचल
1;उभिइरहने
1;कस्तै
1;शासकको
1;मुटुलाई
1;खाक
1;राख्दो
1;नदीले
1;छेक्ने
1;टुटाउने
1;थाल्लान्
1;पिरमा
1;फोक्सोलाई
1;भत्काउला
2;डरमा
1;रगतलाई
1;करार
1;दिन्छौ
1;भयभीत
1;डगमगाउने
1;नबौलाउन
1;खबरदारी
1;गरिरहेछौ
1;भनिएको
1;लुते
1;कुकुरले
1;धरि
1;अभिमानलाई
1;ललकार्न
1;कसैगरी
1;मानिरहेको
1;गाउँखाने
1;कथामा
2;गावैँ
1;हारेपछि
1;गाउँलेहरू
1;बाँध्ने
1;शायद
1;महाअनिकाल
1;साहूले
1;लुटेको
1;धने
3;मुगलान
1;पस्यो
1;मारेर
1;चलिरह्यो
1;शताब्दी
1;फेरोस्
1;मनभरि
5;स्वतन्त्रता
4;दिवस
1;मनाइरहेको
1;डरै
1;पल्याकपुलुक्क
1;पटका
2;पड्कँदा
1;कुकुरलाई
1;चम्कँदा
1;अगुल्टाको
1;यादझैँ
3;तरै
1;दिवसको
1;किच्च
1;हाँसेझैँ
1;डरैडरमा
2;डराईडराई
1;कौतूहल
1;मनाइरहेछु
1;पिँजडाको
1;पन्छीझैँ
1;कुवाको
1;चिनेको
1;साइकलको
1;टायर
1;उड्छ
1;कुकरको
1;सिटी
1;दिनझैँ
2;मनाइ
1;मान्छेसँग
1;डराउँछु
1;कतिखेर
1;केको
1;फिस्स
1;नियतिले
1;बिपनीमै
1;जिइरहेको
1;नियमित
1;प्रश्नसँग
1;झस्कन्छु
1;त्यत्ति
1;थिचेजस्तो
2;नेपालबाट
2;मातृभूमिलाई
1;मूलको
1;कसै
1;बुद्धका
1;एभरेस्टको
1;भूटानलाई
1;चिन्दा
1;चिन्दैनन्
1;दोधारमा
1;दोसाँधमा
2;चिनाऊँ
1;नेपालीपनलाई
1;देशलाई
1;नभएजस्तै
1;रैछ
1;स्वर्गभन्दा
1;चाहे
1;कर्मभूमि
1;जहाँसुकै
1;जतासुकैको
1;खैर
1;घरि
1;खोज्नमा
1;फूलका
1;गुच्छा
2;मगमग
1;मृदु
1;वायुले
1;चट्ट
1;भुवनभर
1;फिँजायो
1;कारुण्य
1;मेटी
1;वनभरि
1;जाई
1;बेली
1;चमेली
1;मखमलीको
1;सान
1;मजाले
1;कुसुम
2;कुसुमित
1;मनभरी
1;पलाऊन्
1;छाऊन्
1;ढकमक
1;फैलिजाऊन्
1;मनहर
1;चम्केर
1;आऊन्
1;दुबैमा
1;पारौँ
1;मालती
1;फुल्छिन्
1;नवरस
1;लतिकाझैँ
1;काव्यमा
1;झुल्न
1;पुग्छिन्
1;विश्वमा
2;थाल्छन्
1;कलुषित
1;भावनाले
1;पखाल्छन्
1;जोसमा
1;दयाको
1;श्रोत
1;पुग्छन्
1;मद
1;गर्दिन्छ
1;नाश
1;चिनाई
1;भर्दिन्छ
1;सकल
1;जनममा
1;साम्यता
1;आकाशतिर
1;टोहोलाउने
2;असीमित
1;बुन्दथेँ
2;आकाशलाई
1;चुमौँ
1;बादलपारिको
1;छुट्टै
1;बनाऊँ
1;टुकुटुकु
1;बादलमाथि
1;आकाशमुनि
1;चरीले
1;पखेटा
1;भुरभुर
1;उडौँ
1;कोरौँ
1;डक्टरले
1;पर्वतारोहीलेझैँ
1;सगरमाथा
1;चढौँ
1;चलचित्रमा
1;खलनायकलेझैँ
1;पिटौँ
2;कोइलीको
1;कण्ठमा
1;बिनायोको
1;आकाशभन्दा
1;धर्तीभन्दा
1;हरियाली
1;उजाडिएका
1;टाढिएका
1;नजिकको
1;प्रवृत्ति
1;नपुंसक
1;अभिसाप
1;सकेँ
1;चिच्याइरहेछन्
1;कुण्ठित
1;पानीबिना
1;माछी
1;छटपटिए
1;चिने
1;अँगाला
1;आँगनीबाट
1;लेफ्टराइट
1;मनकै
1;आँखीझ्याल
2;घरक्क
1;उघारेर
1;थोपाथोपामा
1;आवेशमा
1;मेटाऊँ
1;थन्किएर
1;रोऊँ
1;किचनको
1;वारपार
1;पार्दिऊँ
1;झीरले
1;फुटाऊँ
1;झर्को
1;रुन्छ
1;खोलिएको
1;आँखीझ्यालमा
1;राइटलेफ्ट
1;ढिकाढिकामा
1;सम्झिन्छु
1;निद्रामा
1;देखेका
1;सपनै
1;भइरहून्
1;अनजानअनजान
1;बितिसके
1;शून्यशून्य
1;तड्पिरहन्छ
2;अँधेरी
3;शनिवारको
2;प्रतीक्षा
1;गरिरहन्छ
1;बिहानीको
1;मिरमिरे
2;हावासँगै
1;भुलाइदिन्छ
1;तड्पन
1;एकलोपन
1;भेट्नेको
1;बेचैनीसँगै
1;पोख्न
1;सधैँझैँ
2;भिन्नभिन्न
1;सुई
1;दबाइको
1;सिसी
1;बोकेका
1;भेषमा
1;मासूम
1;चेहरामा
1;मुटुका
1;वृद्धाश्रमका
1;भाषीसँगको
1;साङ्केतिक
1;आफन्तसँग
1;मातृभाषामा
1;रातसँगै
1;हराउँदछ
1;प्रश्नले
1;शिक्षिका
1;हुर्काएका
1;नातिनातिना
1;झिम्क्याई
1;सक्छु
1;पुकारेकी
3;थिई
1;कान्छी
1;समातेकी
1;समाई
1;सक्षम
1;सोच्दछु
1;पढाउनु
1;पश्चात्तापको
1;जल्नु
1;वृद्धाश्रममै
1;काट्नु
1;खसी
1;सुगन्धित
1;ल्याउँछ
1;मधुकर
1;वाटिकामा
1;टोक्छ
1;छोडिराखेर
1;निष्ठुर
3;प्रश्नहरूको
1;सतीदेवीको
1;वर्षौँदेखि
1;हिँडिरहेछु
1;हिँड्दाहिँड्दै
1;आइपुगेको
1;अप्रयुक्त
1;गतावधिक
1;मानक
1;भत्काएर
2;स्थापित
1;सैद्धान्तिक
1;विधिविरुद्ध
1;विध्वंस
1;प्रविधिको
1;नामक
1;सार्वजनिक
1;बिसौनी
1;विश्राम
1;विचरण
1;क्रियाशील
1;बेवकुफदेखि
1;विद्वान्
1;सूचनाको
1;विराट
1;उद्यान
1;निम्न
1;नभेटिएको
1;भेटिन्थ्यो
1;सोध्दैछु
1;हजुरलाई
1;छर्किन्छु
1;तीतेपाती
1;उन्यूको
1;सोत्तरको
1;नाकमा
2;फिटे
1;मानवाकृति
1;सजिलै
1;छिर्ने
1;ढोकाबाट
1;प्रवेश
1;निहुरिन्छ
1;ज्याज
1;मुरलीको
1;गम
1;ट्रिको
1;झाडीबाट
1;ककटूको
1;कर्कशावाज
1;ठोक्किँदा
1;प्रतिध्वनित
1;स्वराभ्यास
1;रानीवनको
1;वासन्ती
1;पत्रहरूको
1;नेपथ्यमा
1;बोलाउने
1;मूर्च्छना
1;गुवा
1;नरिवल
1;कटहरका
1;रुखहरूको
1;उपनिवेशभित्र
1;चिहाइरहन्छ
1;समुद्रपारिबाट
2;नौ
1;कोखमा
1;जन्मेदेखि
1;विजयपश्चात्
1;नायकले
1;खलनायकको
1;टेके
1;प्रशान्त
1;महासागरमा
1;सिड्नी
1;हार्बर
1;ब्रिजमा
1;अपेरा
1;हाउसतिर
1;ऋतुसँगै
1;फेरिने
1;माउ
1;बाँसको
1;साङ्लोले
1;डोर्याएर
1;काँचका
1;प्रतिमासँगै
1;दही
1;घिउको
1;मिश्रित
1;महक
1;शिरदेखि
1;पाउसम्म
1;कपडामा
1;परिवेष्टित
1;गोठाल्नीहरूको
1;फुङ्ग
1;धर्तीबाट
1;उम्रन्छ
1;बाह्य
1;भिजिरहन्छ
1;तह
1;पहाडजस्तो
1;शिखरजस्तो
1;संवेदनाशून्य
1;ब्रह्मविहीन
1;रोबोटका
1;आँखाजस्तै
1;खोपिल्टाबाट
1;झर्दैन
1;क्रन्दनमा
1;हिउँदभरिको
1;दुख
1;बर्खाभरि
1;रसाउने
1;प्रस्तरको
1;पर्वतका
1;मूर्च्छा
1;पर्छु
1;हुरीबतास
1;घामपानीले
1;नभेट्ने
1;ल्याण्डक्रुसरमा
1;मैदानको
1;चौडा
1;सयर
1;मृगजलमा
1;गोरेटोमा
1;निशस्त्र
1;धूमिल
1;मरीचिका
1;टेकाउन
1;खुँडाले
1;छिनाएर
1;वली
1;चढाई
1;कुलदेउता
1;रोकिएर
1;परामर्शककोमा
1;अधबैँसे
1;बेरोजगारलाई
1;भस्मे
1;फाँड्न
1;खुर्पा
1;उध्याइरहेको
1;गोल्ड
1;कोष्टको
1;सुकसुकाउँदो
1;पाँचतारे
1;होटेलको
1;एमएलको
1;स्प्रिङ
1;वाटर
1;नमेटिएपछि
1;तलतल
1;छाप्रोको
1;मैला
1;माटाको
1;घैला
1;रदिफ
1;दोहोरिँदै
1;झलझल
1;पैसाले
1;आमाबाहेक
3;सुनेको
1;तरुणीसँगको
1;निशर्त
1;लट्ठिएको
1;तरुणले
1;हेर्दैन
1;देख्दैन
1;उसकी
1;प्रियतामाको
1;आयतन
1;योग्यता
1;दर्जा
1;इत्यादि
1;देख्दछ
1;सुकुमार
1;कौमार्य
1;देखिरहन्छु
1;अन्तर्गत
1;सिक्दछ
1;पुत्रले
1;पकडेर
1;पिताको
1;मान्छेका
1;जीउबाट
1;जरा
1;समातेर
1;फुक्दथ्यो
1;चोटहरूमा
1;फण्याङ्
1;हिर्काएर
1;नरो
1;बाबै
1;अगेनोमा
1;फोक्सोले
1;फुकिरहने
1;देशप्रेम
1;छोपे
1;सनातनरूपमा
1;धुवाइरहन्छ
1;अस्पतालको
1;शय्यामा
1;त्यसका
1;निष्प्राण
1;भित्ताले
1;थुनेको
1;धाईआमाले
1;छोएको
2;लाग्दैनथ्यो
2;बिघ्न
1;प्रथम
1;रोदन
1;फेरेको
1;श्वासको
1;चुम्बनले
1;ब्युँझिएका
2;त्यहाँका
1;लाग्नुअघि
1;आङमा
1;नपखालिने
1;धोए
1;चुम्नुअघि
1;चुमेको
1;सुमसुम्याउनुअघि
1;सुमसुम्याएको
1;ममतामयी
1;मातालेभन्दा
1;पहिल्यै
1;माटोप्रतिको
1;प्रगाढ
1;अगाध
1;प्रारम्भिक
1;पथहरूमा
1;जुत्ता
1;पैताला
1;स्पर्शावरोधक
1;लेपन
1;कङ्क्रिट
1;अक्करे
1;नझरेको
1;वनस्पतिले
1;नपुछेका
1;बारम्बार
1;नखसेको
1;बाफिएर
1;उतिखेर
1;नलडेको
1;दलदलमा
1;नफसिएको
1;बर्खा
1;खस्ने
1;हतौडाले
2;हानेर
1;उपत्यकामा
1;सम्झनाका
1;स्थापत्यलाई
1;भूकम्पले
1;ढाल्ने
1;धुलोमा
1;धुलोमै
1;बिर्सने
1;प्रज्वलित
1;अदाह्य
1;आत्मामा
1;टाँसिएको
1;खसे
1;उठे
1;जानेछ
1;समाधिसम्म
1;नर्क
1;स्वर्गसम्म
1;छुटेको
1;सामीप्य
1;संयोगले
2;बढाउँछ
1;दुरी
1;वर्जन
1;वियोगले
1;प्रश्नहरूले
1;कन्चटमा
1;उडाइदिन्छन्
1;युधिष्ठिर
1;जिजीविषा
1;वधशालामा
1;सतहदेखि
1;अल्लारेपन
1;घुमाउँदै
1;माथिमाथि
1;अग्लिएको
1;भानसँगै
1;रमाएर
1;जमिनलाई
1;टुक्रिँदै
1;पुगेपछि
1;घमन्ड
1;होहल्ला
1;गर्जनमै
1;बाफ
1;कुहिरो
1;बादलको
1;संज्ञा
2;पाउँछन्
1;चिसोको
1;कोसौँ
1;अग्लिए
1;घुम्दाघुम्दै
1;थाक्नु
1;थकाइले
1;हावासँग
1;असुरक्षित
1;बर्सनु
1;मिल्नु
1;हाजिरी
1;सोधिन्थ्यो
4;कुलागाङ्ग्री
1;शिक्षकले
1;गरिमा
1;गाउँदथे
1;धरोहरका
1;साब्ड्रुङदेखि
1;जिम्मेसम्म
1;नछोडी
1;इतिहासलाई
1;नियालिरहने
1;सुन्दरतामा
1;गाड्नेहरुको
1;गाडिएका
1;टाकिनका
1;पाइलाछाप
1;तम्सिएका
1;उत्तरका
1;ठूल्दाइ
1;दक्षिणका
1;सान्दाइ
1;अस्मितालाई
1;बन्दकी
1;सम्हाल्नेहरूको
1;सस्तो
1;अङ्गालेको
1;बेचिए
1;मेटिए
1;जोम्होलरीले
1;जिस्काए
1;मस्तिकमा
1;छापिएको
1;धरोहर
